,City Name,Package,Variety,Origin,Item Size,Color
2,BALTIMORE,24 inch bins,HOWDEN TYPE,DELAWARE,med,ORANGE
3,BALTIMORE,24 inch bins,HOWDEN TYPE,VIRGINIA,med,ORANGE
4,BALTIMORE,24 inch bins,HOWDEN TYPE,MARYLAND,lge,ORANGE
5,BALTIMORE,24 inch bins,HOWDEN TYPE,MARYLAND,lge,ORANGE
6,BALTIMORE,36 inch bins,HOWDEN TYPE,MARYLAND,med,ORANGE
7,BALTIMORE,36 inch bins,HOWDEN TYPE,PENNSYLVANIA,lge,ORANGE
8,BALTIMORE,36 inch bins,HOWDEN TYPE,MARYLAND,med,ORANGE
9,BALTIMORE,36 inch bins,HOWDEN TYPE,PENNSYLVANIA,lge,ORANGE
10,BALTIMORE,36 inch bins,HOWDEN TYPE,MARYLAND,med,ORANGE
11,BALTIMORE,36 inch bins,HOWDEN TYPE,PENNSYLVANIA,lge,ORANGE
12,BALTIMORE,36 inch bins,HOWDEN TYPE,MARYLAND,lge,ORANGE
13,BALTIMORE,36 inch bins,HOWDEN TYPE,MARYLAND,med,ORANGE
14,BALTIMORE,36 inch bins,HOWDEN TYPE,MARYLAND,lge,ORANGE
15,BALTIMORE,36 inch bins,HOWDEN TYPE,MARYLAND,med,ORANGE
16,BALTIMORE,36 inch bins,HOWDEN TYPE,MARYLAND,lge,ORANGE
17,BALTIMORE,36 inch bins,HOWDEN TYPE,MARYLAND,med,ORANGE
18,BALTIMORE,36 inch bins,HOWDEN TYPE,MARYLAND,sml,ORANGE
19,BALTIMORE,36 inch bins,HOWDEN TYPE,MARYLAND,xlge,ORANGE
20,BALTIMORE,36 inch bins,HOWDEN TYPE,MARYLAND,lge,ORANGE
21,BALTIMORE,36 inch bins,HOWDEN TYPE,MARYLAND,med,ORANGE
22,BALTIMORE,36 inch bins,HOWDEN TYPE,MARYLAND,lge,ORANGE
23,BALTIMORE,36 inch bins,HOWDEN TYPE,MARYLAND,med-lge,ORANGE
24,BALTIMORE,36 inch bins,HOWDEN TYPE,MARYLAND,med-lge,ORANGE
25,BALTIMORE,36 inch bins,HOWDEN TYPE,MARYLAND,lge,ORANGE
26,BALTIMORE,36 inch bins,HOWDEN TYPE,MARYLAND,med-lge,ORANGE
70,BALTIMORE,1 1/9 bushel cartons,PIE TYPE,DELAWARE,med,ORANGE
71,BALTIMORE,1 1/9 bushel cartons,PIE TYPE,DELAWARE,sml,ORANGE
72,BALTIMORE,1 1/9 bushel cartons,PIE TYPE,DELAWARE,sml,ORANGE
73,BALTIMORE,1 1/9 bushel cartons,PIE TYPE,OHIO,med,ORANGE
75,BALTIMORE,1 1/9 bushel cartons,PIE TYPE,DELAWARE,sml,ORANGE
76,BALTIMORE,1 1/9 bushel cartons,PIE TYPE,OHIO,med,ORANGE
79,BALTIMORE,1 1/9 bushel cartons,PIE TYPE,OHIO,med,ORANGE
82,BALTIMORE,1 1/9 bushel cartons,PIE TYPE,OHIO,med,ORANGE
85,BALTIMORE,1 1/9 bushel cartons,PIE TYPE,OHIO,med,ORANGE
87,BALTIMORE,1 1/9 bushel cartons,PIE TYPE,MARYLAND,med,ORANGE
88,BALTIMORE,1 1/9 bushel cartons,PIE TYPE,DELAWARE,med,ORANGE
89,BALTIMORE,1 1/9 bushel cartons,PIE TYPE,MARYLAND,med,ORANGE
90,BALTIMORE,1 1/9 bushel cartons,PIE TYPE,PENNSYLVANIA,med,ORANGE
91,BALTIMORE,1 1/9 bushel cartons,PIE TYPE,DELAWARE,med,ORANGE
92,BALTIMORE,1 1/9 bushel cartons,PIE TYPE,PENNSYLVANIA,med,ORANGE
93,BALTIMORE,24 inch bins,PIE TYPE,VIRGINIA,sml,ORANGE
94,BALTIMORE,24 inch bins,PIE TYPE,MARYLAND,sml,ORANGE
95,BALTIMORE,24 inch bins,PIE TYPE,MARYLAND,sml,ORANGE
104,BALTIMORE,24 inch bins,BIG MACK TYPE,MARYLAND,jbo,WHITE
105,BALTIMORE,24 inch bins,BIG MACK TYPE,MARYLAND,lge,WHITE
106,BALTIMORE,24 inch bins,BIG MACK TYPE,MARYLAND,med,WHITE
108,BALTIMORE,24 inch bins,BIG MACK TYPE,VIRGINIA,jbo,WHITE
109,BALTIMORE,24 inch bins,BIG MACK TYPE,MARYLAND,jbo,WHITE
110,BALTIMORE,24 inch bins,BIG MACK TYPE,MARYLAND,lge,WHITE
111,BALTIMORE,24 inch bins,BIG MACK TYPE,MARYLAND,med,WHITE
112,BALTIMORE,24 inch bins,BIG MACK TYPE,VIRGINIA,jbo,WHITE
113,BALTIMORE,24 inch bins,BIG MACK TYPE,MARYLAND,jbo,WHITE
114,BALTIMORE,24 inch bins,BIG MACK TYPE,MARYLAND,lge,WHITE
115,BALTIMORE,24 inch bins,BIG MACK TYPE,VIRGINIA,jbo,WHITE
116,BALTIMORE,24 inch bins,BIG MACK TYPE,MARYLAND,jbo,WHITE
117,BALTIMORE,24 inch bins,BIG MACK TYPE,VIRGINIA,jbo,WHITE
118,BALTIMORE,24 inch bins,BIG MACK TYPE,MARYLAND,jbo,WHITE
119,BALTIMORE,24 inch bins,BIG MACK TYPE,MARYLAND,jbo,WHITE
123,BALTIMORE,1/2 bushel cartons,MINIATURE,MARYLAND,sml,WHITE
124,BALTIMORE,1/2 bushel cartons,MINIATURE,MARYLAND,sml,WHITE
125,BALTIMORE,1/2 bushel cartons,MINIATURE,MARYLAND,sml,WHITE
126,BALTIMORE,1/2 bushel cartons,MINIATURE,MARYLAND,sml,WHITE
127,BALTIMORE,1/2 bushel cartons,MINIATURE,OHIO,sml,WHITE
128,BALTIMORE,1/2 bushel cartons,MINIATURE,MARYLAND,sml,WHITE
129,BALTIMORE,1/2 bushel cartons,MINIATURE,MARYLAND,sml,WHITE
130,BALTIMORE,1/2 bushel cartons,MINIATURE,OHIO,sml,WHITE
131,BALTIMORE,1/2 bushel cartons,MINIATURE,VIRGINIA,sml,WHITE
132,BALTIMORE,1/2 bushel cartons,MINIATURE,MARYLAND,sml,WHITE
133,BALTIMORE,1/2 bushel cartons,MINIATURE,MARYLAND,sml,WHITE
134,BALTIMORE,1/2 bushel cartons,MINIATURE,OHIO,sml,WHITE
135,BALTIMORE,1/2 bushel cartons,MINIATURE,VIRGINIA,sml,WHITE
136,BALTIMORE,1/2 bushel cartons,MINIATURE,MARYLAND,sml,WHITE
137,BALTIMORE,1/2 bushel cartons,MINIATURE,MARYLAND,sml,WHITE
138,BALTIMORE,1/2 bushel cartons,MINIATURE,OHIO,sml,WHITE
139,BALTIMORE,1/2 bushel cartons,MINIATURE,VIRGINIA,sml,WHITE
140,BALTIMORE,1/2 bushel cartons,MINIATURE,MARYLAND,sml,WHITE
141,BALTIMORE,1/2 bushel cartons,MINIATURE,MARYLAND,sml,WHITE
142,BALTIMORE,1/2 bushel cartons,MINIATURE,OHIO,sml,WHITE
143,BALTIMORE,1/2 bushel cartons,MINIATURE,VIRGINIA,sml,WHITE
144,BALTIMORE,1/2 bushel cartons,MINIATURE,OHIO,sml,WHITE
153,ATLANTA,24 inch bins,HOWDEN TYPE,MICHIGAN,jbo,ORANGE
154,ATLANTA,24 inch bins,HOWDEN TYPE,MICHIGAN,xlge,ORANGE
155,ATLANTA,24 inch bins,HOWDEN TYPE,MICHIGAN,med-lge,ORANGE
156,ATLANTA,24 inch bins,HOWDEN TYPE,MICHIGAN,sml,ORANGE
157,ATLANTA,24 inch bins,HOWDEN TYPE,MICHIGAN,jbo,ORANGE
158,ATLANTA,24 inch bins,HOWDEN TYPE,MICHIGAN,xlge,ORANGE
159,ATLANTA,24 inch bins,HOWDEN TYPE,MICHIGAN,med-lge,ORANGE
160,ATLANTA,24 inch bins,HOWDEN TYPE,MICHIGAN,sml,ORANGE
161,ATLANTA,24 inch bins,HOWDEN TYPE,MICHIGAN,jbo,ORANGE
162,ATLANTA,24 inch bins,HOWDEN TYPE,MICHIGAN,xlge,ORANGE
163,ATLANTA,24 inch bins,HOWDEN TYPE,MICHIGAN,med-lge,ORANGE
164,ATLANTA,24 inch bins,HOWDEN TYPE,MICHIGAN,sml,ORANGE
165,ATLANTA,24 inch bins,HOWDEN TYPE,ALABAMA,med,ORANGE
166,ATLANTA,24 inch bins,HOWDEN TYPE,MICHIGAN,jbo,ORANGE
167,ATLANTA,24 inch bins,HOWDEN TYPE,MICHIGAN,xlge,ORANGE
168,ATLANTA,24 inch bins,HOWDEN TYPE,MICHIGAN,med-lge,ORANGE
169,ATLANTA,24 inch bins,HOWDEN TYPE,MICHIGAN,sml,ORANGE
170,ATLANTA,24 inch bins,HOWDEN TYPE,ALABAMA,med,ORANGE
171,ATLANTA,24 inch bins,HOWDEN TYPE,MICHIGAN,jbo,ORANGE
172,ATLANTA,24 inch bins,HOWDEN TYPE,MICHIGAN,xlge,ORANGE
173,ATLANTA,24 inch bins,HOWDEN TYPE,MICHIGAN,med-lge,ORANGE
174,ATLANTA,24 inch bins,HOWDEN TYPE,MICHIGAN,sml,ORANGE
175,ATLANTA,24 inch bins,HOWDEN TYPE,ALABAMA,med,ORANGE
176,ATLANTA,24 inch bins,HOWDEN TYPE,MICHIGAN,jbo,ORANGE
177,ATLANTA,24 inch bins,HOWDEN TYPE,MICHIGAN,xlge,ORANGE
178,ATLANTA,24 inch bins,HOWDEN TYPE,MICHIGAN,med-lge,ORANGE
179,ATLANTA,24 inch bins,HOWDEN TYPE,MICHIGAN,sml,ORANGE
180,ATLANTA,24 inch bins,HOWDEN TYPE,ALABAMA,med,ORANGE
181,ATLANTA,24 inch bins,HOWDEN TYPE,MICHIGAN,jbo,ORANGE
182,ATLANTA,24 inch bins,HOWDEN TYPE,MICHIGAN,xlge,ORANGE
183,ATLANTA,24 inch bins,HOWDEN TYPE,MICHIGAN,med-lge,ORANGE
184,ATLANTA,24 inch bins,HOWDEN TYPE,MICHIGAN,sml,ORANGE
185,ATLANTA,36 inch bins,HOWDEN TYPE,CANADA,med,ORANGE
186,ATLANTA,36 inch bins,HOWDEN TYPE,MICHIGAN,lge,ORANGE
187,ATLANTA,36 inch bins,HOWDEN TYPE,TENNESSEE,lge,ORANGE
210,BOSTON,36 inch bins,HOWDEN TYPE,CANADA,exjbo,ORANGE
211,BOSTON,36 inch bins,HOWDEN TYPE,CANADA,jbo,ORANGE
212,BOSTON,36 inch bins,HOWDEN TYPE,CANADA,xlge,ORANGE
213,BOSTON,36 inch bins,HOWDEN TYPE,CANADA,xlge,ORANGE
214,BOSTON,36 inch bins,HOWDEN TYPE,CANADA,lge,ORANGE
215,BOSTON,36 inch bins,HOWDEN TYPE,CANADA,lge,ORANGE
216,BOSTON,36 inch bins,HOWDEN TYPE,CANADA,med-lge,ORANGE
217,BOSTON,36 inch bins,HOWDEN TYPE,CANADA,med,ORANGE
218,BOSTON,36 inch bins,HOWDEN TYPE,CANADA,sml,ORANGE
219,BOSTON,36 inch bins,HOWDEN TYPE,MASSACHUSETTS,jbo,ORANGE
220,BOSTON,36 inch bins,HOWDEN TYPE,MASSACHUSETTS,xlge,ORANGE
221,BOSTON,36 inch bins,HOWDEN TYPE,MASSACHUSETTS,lge,ORANGE
222,BOSTON,36 inch bins,HOWDEN TYPE,MASSACHUSETTS,med-lge,ORANGE
223,BOSTON,36 inch bins,HOWDEN TYPE,MASSACHUSETTS,med,ORANGE
224,BOSTON,36 inch bins,HOWDEN TYPE,MASSACHUSETTS,sml,ORANGE
225,BOSTON,36 inch bins,HOWDEN TYPE,MICHIGAN,jbo,ORANGE
226,BOSTON,36 inch bins,HOWDEN TYPE,MICHIGAN,xlge,ORANGE
227,BOSTON,36 inch bins,HOWDEN TYPE,PENNSYLVANIA,xlge,ORANGE
228,BOSTON,36 inch bins,HOWDEN TYPE,PENNSYLVANIA,lge,ORANGE
229,BOSTON,36 inch bins,HOWDEN TYPE,CANADA,exjbo,ORANGE
230,BOSTON,36 inch bins,HOWDEN TYPE,CANADA,jbo,ORANGE
231,BOSTON,36 inch bins,HOWDEN TYPE,CANADA,xlge,ORANGE
232,BOSTON,36 inch bins,HOWDEN TYPE,CANADA,xlge,ORANGE
233,BOSTON,36 inch bins,HOWDEN TYPE,CANADA,lge,ORANGE
234,BOSTON,36 inch bins,HOWDEN TYPE,CANADA,lge,ORANGE
235,BOSTON,36 inch bins,HOWDEN TYPE,CANADA,med-lge,ORANGE
236,BOSTON,36 inch bins,HOWDEN TYPE,CANADA,med,ORANGE
237,BOSTON,36 inch bins,HOWDEN TYPE,CANADA,sml,ORANGE
238,BOSTON,36 inch bins,HOWDEN TYPE,MASSACHUSETTS,jbo,ORANGE
239,BOSTON,36 inch bins,HOWDEN TYPE,MASSACHUSETTS,xlge,ORANGE
240,BOSTON,36 inch bins,HOWDEN TYPE,MASSACHUSETTS,lge,ORANGE
241,BOSTON,36 inch bins,HOWDEN TYPE,MASSACHUSETTS,med-lge,ORANGE
242,BOSTON,36 inch bins,HOWDEN TYPE,MASSACHUSETTS,med,ORANGE
243,BOSTON,36 inch bins,HOWDEN TYPE,MASSACHUSETTS,sml,ORANGE
244,BOSTON,36 inch bins,HOWDEN TYPE,MICHIGAN,jbo,ORANGE
245,BOSTON,36 inch bins,HOWDEN TYPE,MICHIGAN,xlge,ORANGE
246,BOSTON,36 inch bins,HOWDEN TYPE,PENNSYLVANIA,xlge,ORANGE
247,BOSTON,36 inch bins,HOWDEN TYPE,PENNSYLVANIA,lge,ORANGE
248,BOSTON,36 inch bins,HOWDEN TYPE,CANADA,exjbo,ORANGE
249,BOSTON,36 inch bins,HOWDEN TYPE,CANADA,jbo,ORANGE
250,BOSTON,36 inch bins,HOWDEN TYPE,CANADA,xlge,ORANGE
251,BOSTON,36 inch bins,HOWDEN TYPE,CANADA,xlge,ORANGE
252,BOSTON,36 inch bins,HOWDEN TYPE,CANADA,lge,ORANGE
253,BOSTON,36 inch bins,HOWDEN TYPE,CANADA,lge,ORANGE
254,BOSTON,36 inch bins,HOWDEN TYPE,CANADA,med-lge,ORANGE
255,BOSTON,36 inch bins,HOWDEN TYPE,CANADA,med,ORANGE
256,BOSTON,36 inch bins,HOWDEN TYPE,CANADA,sml,ORANGE
257,BOSTON,36 inch bins,HOWDEN TYPE,MASSACHUSETTS,jbo,ORANGE
258,BOSTON,36 inch bins,HOWDEN TYPE,MASSACHUSETTS,xlge,ORANGE
259,BOSTON,36 inch bins,HOWDEN TYPE,MASSACHUSETTS,lge,ORANGE
260,BOSTON,36 inch bins,HOWDEN TYPE,MASSACHUSETTS,med-lge,ORANGE
261,BOSTON,36 inch bins,HOWDEN TYPE,MASSACHUSETTS,med,ORANGE
262,BOSTON,36 inch bins,HOWDEN TYPE,MASSACHUSETTS,sml,ORANGE
263,BOSTON,36 inch bins,HOWDEN TYPE,MICHIGAN,jbo,ORANGE
264,BOSTON,36 inch bins,HOWDEN TYPE,MICHIGAN,xlge,ORANGE
265,BOSTON,36 inch bins,HOWDEN TYPE,PENNSYLVANIA,xlge,ORANGE
266,BOSTON,36 inch bins,HOWDEN TYPE,PENNSYLVANIA,lge,ORANGE
267,BOSTON,36 inch bins,HOWDEN TYPE,CANADA,exjbo,ORANGE
268,BOSTON,36 inch bins,HOWDEN TYPE,CANADA,jbo,ORANGE
269,BOSTON,36 inch bins,HOWDEN TYPE,CANADA,xlge,ORANGE
270,BOSTON,36 inch bins,HOWDEN TYPE,CANADA,xlge,ORANGE
271,BOSTON,36 inch bins,HOWDEN TYPE,CANADA,lge,ORANGE
272,BOSTON,36 inch bins,HOWDEN TYPE,CANADA,lge,ORANGE
273,BOSTON,36 inch bins,HOWDEN TYPE,CANADA,med-lge,ORANGE
274,BOSTON,36 inch bins,HOWDEN TYPE,CANADA,med,ORANGE
275,BOSTON,36 inch bins,HOWDEN TYPE,CANADA,sml,ORANGE
276,BOSTON,36 inch bins,HOWDEN TYPE,MASSACHUSETTS,jbo,ORANGE
277,BOSTON,36 inch bins,HOWDEN TYPE,MASSACHUSETTS,xlge,ORANGE
278,BOSTON,36 inch bins,HOWDEN TYPE,MASSACHUSETTS,lge,ORANGE
279,BOSTON,36 inch bins,HOWDEN TYPE,MASSACHUSETTS,med-lge,ORANGE
280,BOSTON,36 inch bins,HOWDEN TYPE,MASSACHUSETTS,med,ORANGE
281,BOSTON,36 inch bins,HOWDEN TYPE,MASSACHUSETTS,sml,ORANGE
282,BOSTON,36 inch bins,HOWDEN TYPE,MICHIGAN,jbo,ORANGE
283,BOSTON,36 inch bins,HOWDEN TYPE,MICHIGAN,xlge,ORANGE
284,BOSTON,36 inch bins,HOWDEN TYPE,PENNSYLVANIA,xlge,ORANGE
285,BOSTON,36 inch bins,HOWDEN TYPE,PENNSYLVANIA,lge,ORANGE
286,BOSTON,36 inch bins,HOWDEN TYPE,CANADA,exjbo,ORANGE
287,BOSTON,36 inch bins,HOWDEN TYPE,CANADA,jbo,ORANGE
288,BOSTON,36 inch bins,HOWDEN TYPE,CANADA,xlge,ORANGE
289,BOSTON,36 inch bins,HOWDEN TYPE,CANADA,xlge,ORANGE
290,BOSTON,36 inch bins,HOWDEN TYPE,CANADA,lge,ORANGE
291,BOSTON,36 inch bins,HOWDEN TYPE,CANADA,lge,ORANGE
292,BOSTON,36 inch bins,HOWDEN TYPE,CANADA,med-lge,ORANGE
293,BOSTON,36 inch bins,HOWDEN TYPE,CANADA,med,ORANGE
294,BOSTON,36 inch bins,HOWDEN TYPE,CANADA,sml,ORANGE
295,BOSTON,36 inch bins,HOWDEN TYPE,MASSACHUSETTS,jbo,ORANGE
296,BOSTON,36 inch bins,HOWDEN TYPE,MASSACHUSETTS,xlge,ORANGE
297,BOSTON,36 inch bins,HOWDEN TYPE,MASSACHUSETTS,lge,ORANGE
298,BOSTON,36 inch bins,HOWDEN TYPE,MASSACHUSETTS,med-lge,ORANGE
299,BOSTON,36 inch bins,HOWDEN TYPE,MASSACHUSETTS,med,ORANGE
300,BOSTON,36 inch bins,HOWDEN TYPE,MASSACHUSETTS,sml,ORANGE
301,BOSTON,36 inch bins,HOWDEN TYPE,MICHIGAN,jbo,ORANGE
302,BOSTON,36 inch bins,HOWDEN TYPE,MICHIGAN,xlge,ORANGE
303,BOSTON,36 inch bins,HOWDEN TYPE,PENNSYLVANIA,xlge,ORANGE
304,BOSTON,36 inch bins,HOWDEN TYPE,PENNSYLVANIA,lge,ORANGE
305,BOSTON,36 inch bins,HOWDEN TYPE,CANADA,exjbo,ORANGE
306,BOSTON,36 inch bins,HOWDEN TYPE,CANADA,jbo,ORANGE
307,BOSTON,36 inch bins,HOWDEN TYPE,CANADA,xlge,ORANGE
308,BOSTON,36 inch bins,HOWDEN TYPE,CANADA,xlge,ORANGE
309,BOSTON,36 inch bins,HOWDEN TYPE,CANADA,lge,ORANGE
310,BOSTON,36 inch bins,HOWDEN TYPE,CANADA,lge,ORANGE
311,BOSTON,36 inch bins,HOWDEN TYPE,CANADA,med-lge,ORANGE
312,BOSTON,36 inch bins,HOWDEN TYPE,CANADA,med,ORANGE
313,BOSTON,36 inch bins,HOWDEN TYPE,CANADA,sml,ORANGE
314,BOSTON,36 inch bins,HOWDEN TYPE,MASSACHUSETTS,jbo,ORANGE
315,BOSTON,36 inch bins,HOWDEN TYPE,MASSACHUSETTS,xlge,ORANGE
316,BOSTON,36 inch bins,HOWDEN TYPE,MASSACHUSETTS,lge,ORANGE
317,BOSTON,36 inch bins,HOWDEN TYPE,MASSACHUSETTS,med-lge,ORANGE
318,BOSTON,36 inch bins,HOWDEN TYPE,MASSACHUSETTS,med,ORANGE
319,BOSTON,36 inch bins,HOWDEN TYPE,MASSACHUSETTS,sml,ORANGE
320,BOSTON,36 inch bins,HOWDEN TYPE,MICHIGAN,jbo,ORANGE
321,BOSTON,36 inch bins,HOWDEN TYPE,MICHIGAN,xlge,ORANGE
322,BOSTON,36 inch bins,HOWDEN TYPE,PENNSYLVANIA,xlge,ORANGE
323,BOSTON,36 inch bins,HOWDEN TYPE,PENNSYLVANIA,lge,ORANGE
324,BOSTON,36 inch bins,HOWDEN TYPE,MASSACHUSETTS,jbo,ORANGE
325,BOSTON,36 inch bins,HOWDEN TYPE,MASSACHUSETTS,xlge,ORANGE
326,BOSTON,36 inch bins,HOWDEN TYPE,MASSACHUSETTS,lge,ORANGE
327,BOSTON,36 inch bins,HOWDEN TYPE,MASSACHUSETTS,med-lge,ORANGE
328,BOSTON,36 inch bins,HOWDEN TYPE,MASSACHUSETTS,med,ORANGE
329,BOSTON,36 inch bins,HOWDEN TYPE,MASSACHUSETTS,sml,ORANGE
330,BOSTON,36 inch bins,HOWDEN TYPE,MASSACHUSETTS,jbo,ORANGE
331,BOSTON,36 inch bins,HOWDEN TYPE,MASSACHUSETTS,xlge,ORANGE
332,BOSTON,36 inch bins,HOWDEN TYPE,MASSACHUSETTS,lge,ORANGE
333,BOSTON,36 inch bins,HOWDEN TYPE,MICHIGAN,jbo,ORANGE
334,BOSTON,36 inch bins,HOWDEN TYPE,MICHIGAN,xlge,ORANGE
335,BOSTON,36 inch bins,HOWDEN TYPE,MICHIGAN,lge,ORANGE
336,BOSTON,36 inch bins,HOWDEN TYPE,MASSACHUSETTS,jbo,ORANGE
337,BOSTON,36 inch bins,HOWDEN TYPE,MASSACHUSETTS,xlge,ORANGE
338,BOSTON,36 inch bins,HOWDEN TYPE,MASSACHUSETTS,lge,ORANGE
339,BOSTON,36 inch bins,HOWDEN TYPE,MICHIGAN,jbo,ORANGE
340,BOSTON,36 inch bins,HOWDEN TYPE,MICHIGAN,xlge,ORANGE
341,BOSTON,36 inch bins,HOWDEN TYPE,MICHIGAN,lge,ORANGE
342,BOSTON,24 inch bins,CINDERELLA,MASSACHUSETTS,xlge,ORANGE
343,BOSTON,24 inch bins,CINDERELLA,MASSACHUSETTS,xlge,WHITE
344,BOSTON,24 inch bins,CINDERELLA,MASSACHUSETTS,xlge,ORANGE
345,BOSTON,24 inch bins,CINDERELLA,MASSACHUSETTS,xlge,WHITE
346,BOSTON,24 inch bins,CINDERELLA,MASSACHUSETTS,xlge,WHITE
347,BOSTON,24 inch bins,CINDERELLA,MASSACHUSETTS,xlge,ORANGE
348,BOSTON,24 inch bins,CINDERELLA,MASSACHUSETTS,xlge,ORANGE
349,BOSTON,24 inch bins,CINDERELLA,MASSACHUSETTS,xlge,WHITE
350,BOSTON,24 inch bins,CINDERELLA,MASSACHUSETTS,xlge,WHITE
351,BOSTON,24 inch bins,CINDERELLA,MASSACHUSETTS,xlge,ORANGE
352,BOSTON,24 inch bins,CINDERELLA,MASSACHUSETTS,xlge,ORANGE
353,BOSTON,24 inch bins,CINDERELLA,MASSACHUSETTS,xlge,WHITE
354,BOSTON,24 inch bins,CINDERELLA,MASSACHUSETTS,xlge,WHITE
355,BOSTON,24 inch bins,CINDERELLA,MASSACHUSETTS,xlge,ORANGE
356,BOSTON,1/2 bushel cartons,FAIRYTALE,MASSACHUSETTS,sml,ORANGE
357,BOSTON,1/2 bushel cartons,FAIRYTALE,MASSACHUSETTS,sml,ORANGE
358,BOSTON,1/2 bushel cartons,FAIRYTALE,MASSACHUSETTS,sml,ORANGE
359,BOSTON,1/2 bushel cartons,FAIRYTALE,MASSACHUSETTS,sml,ORANGE
360,BOSTON,1/2 bushel cartons,FAIRYTALE,MASSACHUSETTS,sml,ORANGE
361,BOSTON,1/2 bushel cartons,FAIRYTALE,MASSACHUSETTS,sml,ORANGE
362,BOSTON,1/2 bushel cartons,FAIRYTALE,MASSACHUSETTS,sml,ORANGE
363,BOSTON,24 inch bins,FAIRYTALE,MASSACHUSETTS,xlge,WHITE
364,BOSTON,24 inch bins,FAIRYTALE,MASSACHUSETTS,xlge,ORANGE
365,BOSTON,24 inch bins,FAIRYTALE,MASSACHUSETTS,xlge,ORANGE
366,BOSTON,24 inch bins,FAIRYTALE,MASSACHUSETTS,xlge,WHITE
367,BOSTON,24 inch bins,FAIRYTALE,MASSACHUSETTS,xlge,WHITE
368,BOSTON,24 inch bins,FAIRYTALE,MASSACHUSETTS,xlge,ORANGE
369,BOSTON,24 inch bins,FAIRYTALE,MASSACHUSETTS,xlge,WHITE
370,BOSTON,24 inch bins,FAIRYTALE,MASSACHUSETTS,xlge,ORANGE
371,BOSTON,24 inch bins,FAIRYTALE,MASSACHUSETTS,xlge,WHITE
372,BOSTON,24 inch bins,FAIRYTALE,MASSACHUSETTS,xlge,ORANGE
373,BOSTON,24 inch bins,FAIRYTALE,MASSACHUSETTS,xlge,WHITE
374,BOSTON,24 inch bins,FAIRYTALE,MASSACHUSETTS,xlge,ORANGE
375,BOSTON,24 inch bins,FAIRYTALE,MASSACHUSETTS,xlge,ORANGE
376,BOSTON,24 inch bins,FAIRYTALE,MASSACHUSETTS,xlge,WHITE
377,BOSTON,1 1/9 bushel crates,PIE TYPE,MASSACHUSETTS,sml,ORANGE
378,BOSTON,1 1/9 bushel crates,PIE TYPE,MASSACHUSETTS,sml,ORANGE
379,BOSTON,1 1/9 bushel crates,PIE TYPE,MASSACHUSETTS,sml,ORANGE
380,BOSTON,1 1/9 bushel crates,PIE TYPE,MASSACHUSETTS,sml,ORANGE
381,BOSTON,1 1/9 bushel crates,PIE TYPE,MASSACHUSETTS,sml,ORANGE
382,BOSTON,1 1/9 bushel crates,PIE TYPE,MASSACHUSETTS,sml,ORANGE
383,BOSTON,1 1/9 bushel crates,PIE TYPE,MASSACHUSETTS,sml,ORANGE
384,BOSTON,1 1/9 bushel crates,PIE TYPE,MASSACHUSETTS,sml,ORANGE
385,BOSTON,1 1/9 bushel crates,PIE TYPE,MASSACHUSETTS,sml,ORANGE
386,BOSTON,1 1/9 bushel crates,PIE TYPE,MASSACHUSETTS,sml,ORANGE
387,BOSTON,1 1/9 bushel crates,PIE TYPE,MASSACHUSETTS,sml,ORANGE
388,BOSTON,1 1/9 bushel cartons,PIE TYPE,MASSACHUSETTS,sml,ORANGE
389,BOSTON,1 1/9 bushel cartons,PIE TYPE,MASSACHUSETTS,sml,ORANGE
390,BOSTON,1 1/9 bushel cartons,PIE TYPE,MASSACHUSETTS,sml,ORANGE
391,BOSTON,1 1/9 bushel cartons,PIE TYPE,MASSACHUSETTS,sml,ORANGE
392,BOSTON,1 1/9 bushel cartons,PIE TYPE,MASSACHUSETTS,sml,ORANGE
393,BOSTON,1 1/9 bushel cartons,PIE TYPE,MASSACHUSETTS,sml,ORANGE
394,BOSTON,1 1/9 bushel cartons,PIE TYPE,MASSACHUSETTS,sml,ORANGE
395,BOSTON,1 1/9 bushel cartons,PIE TYPE,MASSACHUSETTS,sml,ORANGE
396,BOSTON,1 1/9 bushel cartons,PIE TYPE,MASSACHUSETTS,sml,ORANGE
397,BOSTON,1 1/9 bushel cartons,PIE TYPE,MASSACHUSETTS,sml,ORANGE
398,BOSTON,1 1/9 bushel cartons,PIE TYPE,MASSACHUSETTS,sml,ORANGE
399,BOSTON,1 1/9 bushel cartons,PIE TYPE,MASSACHUSETTS,sml,ORANGE
400,BOSTON,24 inch bins,PIE TYPE,CANADA,sml,ORANGE
401,BOSTON,24 inch bins,PIE TYPE,PENNSYLVANIA,sml,ORANGE
402,BOSTON,24 inch bins,PIE TYPE,CANADA,sml,ORANGE
403,BOSTON,24 inch bins,PIE TYPE,MICHIGAN,sml,ORANGE
404,BOSTON,24 inch bins,PIE TYPE,PENNSYLVANIA,sml,ORANGE
405,BOSTON,24 inch bins,PIE TYPE,CANADA,sml,ORANGE
406,BOSTON,24 inch bins,PIE TYPE,MICHIGAN,sml,ORANGE
407,BOSTON,24 inch bins,PIE TYPE,PENNSYLVANIA,sml,ORANGE
408,BOSTON,24 inch bins,PIE TYPE,CANADA,sml,ORANGE
409,BOSTON,24 inch bins,PIE TYPE,MICHIGAN,sml,ORANGE
410,BOSTON,24 inch bins,PIE TYPE,PENNSYLVANIA,sml,ORANGE
411,BOSTON,24 inch bins,PIE TYPE,VERMONT,sml,ORANGE
412,BOSTON,24 inch bins,PIE TYPE,CANADA,sml,ORANGE
413,BOSTON,24 inch bins,PIE TYPE,MASSACHUSETTS,sml,ORANGE
414,BOSTON,24 inch bins,PIE TYPE,MICHIGAN,sml,ORANGE
415,BOSTON,24 inch bins,PIE TYPE,PENNSYLVANIA,sml,ORANGE
416,BOSTON,24 inch bins,PIE TYPE,VERMONT,sml,ORANGE
417,BOSTON,24 inch bins,PIE TYPE,CANADA,sml,ORANGE
418,BOSTON,24 inch bins,PIE TYPE,MASSACHUSETTS,sml,ORANGE
419,BOSTON,24 inch bins,PIE TYPE,MICHIGAN,sml,ORANGE
420,BOSTON,24 inch bins,PIE TYPE,PENNSYLVANIA,sml,ORANGE
421,BOSTON,24 inch bins,PIE TYPE,VERMONT,sml,ORANGE
422,BOSTON,24 inch bins,PIE TYPE,PENNSYLVANIA,med,ORANGE
423,BOSTON,24 inch bins,PIE TYPE,PENNSYLVANIA,med,ORANGE
424,BOSTON,24 inch bins,PIE TYPE,PENNSYLVANIA,med,ORANGE
425,BOSTON,36 inch bins,PIE TYPE,CANADA,sml,ORANGE
426,BOSTON,36 inch bins,PIE TYPE,MASSACHUSETTS,med-lge,ORANGE
427,BOSTON,36 inch bins,PIE TYPE,MASSACHUSETTS,sml,ORANGE
428,BOSTON,36 inch bins,PIE TYPE,MICHIGAN,med-lge,ORANGE
429,BOSTON,36 inch bins,PIE TYPE,PENNSYLVANIA,med-lge,ORANGE
430,BOSTON,36 inch bins,PIE TYPE,PENNSYLVANIA,sml,ORANGE
431,BOSTON,36 inch bins,PIE TYPE,CANADA,sml,ORANGE
432,BOSTON,36 inch bins,PIE TYPE,MASSACHUSETTS,med-lge,ORANGE
433,BOSTON,36 inch bins,PIE TYPE,MASSACHUSETTS,sml,ORANGE
434,BOSTON,36 inch bins,PIE TYPE,MICHIGAN,med-lge,ORANGE
435,BOSTON,36 inch bins,PIE TYPE,PENNSYLVANIA,med-lge,ORANGE
436,BOSTON,36 inch bins,PIE TYPE,PENNSYLVANIA,sml,ORANGE
437,BOSTON,36 inch bins,PIE TYPE,CANADA,sml,ORANGE
438,BOSTON,36 inch bins,PIE TYPE,MASSACHUSETTS,med-lge,ORANGE
439,BOSTON,36 inch bins,PIE TYPE,MASSACHUSETTS,sml,ORANGE
440,BOSTON,36 inch bins,PIE TYPE,MICHIGAN,med-lge,ORANGE
441,BOSTON,36 inch bins,PIE TYPE,PENNSYLVANIA,med-lge,ORANGE
442,BOSTON,36 inch bins,PIE TYPE,PENNSYLVANIA,sml,ORANGE
443,BOSTON,36 inch bins,PIE TYPE,CANADA,sml,ORANGE
444,BOSTON,36 inch bins,PIE TYPE,MASSACHUSETTS,med-lge,ORANGE
445,BOSTON,36 inch bins,PIE TYPE,MASSACHUSETTS,sml,ORANGE
446,BOSTON,36 inch bins,PIE TYPE,MICHIGAN,med-lge,ORANGE
447,BOSTON,36 inch bins,PIE TYPE,PENNSYLVANIA,med-lge,ORANGE
448,BOSTON,36 inch bins,PIE TYPE,PENNSYLVANIA,sml,ORANGE
449,BOSTON,36 inch bins,PIE TYPE,VERMONT,sml,ORANGE
450,BOSTON,36 inch bins,PIE TYPE,CANADA,sml,ORANGE
451,BOSTON,36 inch bins,PIE TYPE,MASSACHUSETTS,med-lge,ORANGE
452,BOSTON,36 inch bins,PIE TYPE,MASSACHUSETTS,sml,ORANGE
453,BOSTON,36 inch bins,PIE TYPE,MICHIGAN,med-lge,ORANGE
454,BOSTON,36 inch bins,PIE TYPE,PENNSYLVANIA,med-lge,ORANGE
455,BOSTON,36 inch bins,PIE TYPE,PENNSYLVANIA,sml,ORANGE
456,BOSTON,36 inch bins,PIE TYPE,VERMONT,sml,ORANGE
457,BOSTON,36 inch bins,PIE TYPE,CANADA,sml,ORANGE
458,BOSTON,36 inch bins,PIE TYPE,MASSACHUSETTS,med-lge,ORANGE
459,BOSTON,36 inch bins,PIE TYPE,MASSACHUSETTS,sml,ORANGE
460,BOSTON,36 inch bins,PIE TYPE,MICHIGAN,med-lge,ORANGE
461,BOSTON,36 inch bins,PIE TYPE,PENNSYLVANIA,med-lge,ORANGE
462,BOSTON,36 inch bins,PIE TYPE,PENNSYLVANIA,sml,ORANGE
463,BOSTON,36 inch bins,PIE TYPE,VERMONT,sml,ORANGE
464,BOSTON,36 inch bins,PIE TYPE,MASSACHUSETTS,med-lge,ORANGE
465,BOSTON,36 inch bins,PIE TYPE,MASSACHUSETTS,sml,ORANGE
466,BOSTON,36 inch bins,PIE TYPE,NEW YORK,med-lge,ORANGE
467,BOSTON,36 inch bins,PIE TYPE,PENNSYLVANIA,med-lge,ORANGE
468,BOSTON,36 inch bins,PIE TYPE,MASSACHUSETTS,med-lge,ORANGE
469,BOSTON,36 inch bins,PIE TYPE,NEW YORK,med-lge,ORANGE
470,BOSTON,36 inch bins,PIE TYPE,PENNSYLVANIA,med-lge,ORANGE
471,BOSTON,36 inch bins,PIE TYPE,MASSACHUSETTS,med-lge,ORANGE
472,BOSTON,36 inch bins,PIE TYPE,NEW YORK,med-lge,ORANGE
473,BOSTON,36 inch bins,PIE TYPE,PENNSYLVANIA,med-lge,ORANGE
474,BOSTON,36 inch bins,PIE TYPE,MASSACHUSETTS,med-lge,ORANGE
475,BOSTON,36 inch bins,PIE TYPE,NEW YORK,med-lge,ORANGE
476,BOSTON,36 inch bins,PIE TYPE,PENNSYLVANIA,med-lge,ORANGE
480,BOSTON,36 inch bins,PIE TYPE,MASSACHUSETTS,med-lge,ORANGE
481,BOSTON,36 inch bins,PIE TYPE,PENNSYLVANIA,xlge,ORANGE
482,BOSTON,36 inch bins,PIE TYPE,PENNSYLVANIA,med-lge,ORANGE
483,BOSTON,36 inch bins,PIE TYPE,MASSACHUSETTS,med-lge,ORANGE
484,BOSTON,36 inch bins,PIE TYPE,PENNSYLVANIA,xlge,ORANGE
485,BOSTON,36 inch bins,PIE TYPE,PENNSYLVANIA,med-lge,ORANGE
486,BOSTON,36 inch bins,PIE TYPE,MASSACHUSETTS,med-lge,ORANGE
487,BOSTON,36 inch bins,PIE TYPE,PENNSYLVANIA,xlge,ORANGE
488,BOSTON,36 inch bins,PIE TYPE,PENNSYLVANIA,med-lge,ORANGE
489,BOSTON,bushel cartons,PIE TYPE,MASSACHUSETTS,med-lge,ORANGE
490,BOSTON,bushel cartons,PIE TYPE,MASSACHUSETTS,med-lge,ORANGE
491,BOSTON,24 inch bins,BLUE TYPE,MASSACHUSETTS,xlge,ORANGE
492,BOSTON,24 inch bins,BLUE TYPE,MASSACHUSETTS,xlge,ORANGE
493,BOSTON,24 inch bins,BLUE TYPE,MASSACHUSETTS,xlge,ORANGE
494,BOSTON,24 inch bins,BLUE TYPE,MASSACHUSETTS,xlge,ORANGE
495,BOSTON,24 inch bins,BLUE TYPE,MASSACHUSETTS,xlge,ORANGE
496,BOSTON,24 inch bins,BLUE TYPE,MASSACHUSETTS,xlge,ORANGE
497,BOSTON,24 inch bins,BLUE TYPE,MASSACHUSETTS,xlge,ORANGE
498,BOSTON,24 inch bins,KNUCKLE HEAD,MASSACHUSETTS,xlge,ORANGE
499,BOSTON,24 inch bins,KNUCKLE HEAD,MASSACHUSETTS,xlge,ORANGE
500,BOSTON,24 inch bins,KNUCKLE HEAD,MASSACHUSETTS,xlge,ORANGE
501,BOSTON,24 inch bins,KNUCKLE HEAD,MASSACHUSETTS,xlge,ORANGE
502,BOSTON,24 inch bins,KNUCKLE HEAD,MASSACHUSETTS,xlge,ORANGE
503,BOSTON,24 inch bins,KNUCKLE HEAD,MASSACHUSETTS,xlge,ORANGE
504,BOSTON,24 inch bins,KNUCKLE HEAD,MASSACHUSETTS,xlge,ORANGE
505,BOSTON,24 inch bins,BIG MACK TYPE,MASSACHUSETTS,xlge,ORANGE
506,BOSTON,24 inch bins,BIG MACK TYPE,MASSACHUSETTS,xlge,ORANGE
507,BOSTON,24 inch bins,BIG MACK TYPE,MASSACHUSETTS,xlge,ORANGE
508,BOSTON,24 inch bins,BIG MACK TYPE,MASSACHUSETTS,xlge,ORANGE
509,BOSTON,24 inch bins,BIG MACK TYPE,MASSACHUSETTS,xlge,ORANGE
510,BOSTON,24 inch bins,BIG MACK TYPE,MASSACHUSETTS,xlge,ORANGE
511,BOSTON,24 inch bins,BIG MACK TYPE,MASSACHUSETTS,xlge,ORANGE
513,BOSTON,36 inch bins,BIG MACK TYPE,MASSACHUSETTS,jbo,ORANGE
514,BOSTON,36 inch bins,BIG MACK TYPE,MASSACHUSETTS,xlge,ORANGE
515,BOSTON,36 inch bins,BIG MACK TYPE,MASSACHUSETTS,lge,ORANGE
516,BOSTON,36 inch bins,BIG MACK TYPE,MASSACHUSETTS,med,ORANGE
517,BOSTON,36 inch bins,BIG MACK TYPE,MASSACHUSETTS,sml,ORANGE
518,BOSTON,36 inch bins,BIG MACK TYPE,PENNSYLVANIA,jbo,ORANGE
519,BOSTON,36 inch bins,BIG MACK TYPE,PENNSYLVANIA,xlge,ORANGE
520,BOSTON,36 inch bins,BIG MACK TYPE,MASSACHUSETTS,jbo,ORANGE
521,BOSTON,36 inch bins,BIG MACK TYPE,MASSACHUSETTS,xlge,ORANGE
522,BOSTON,36 inch bins,BIG MACK TYPE,MASSACHUSETTS,lge,ORANGE
523,BOSTON,36 inch bins,BIG MACK TYPE,MASSACHUSETTS,med,ORANGE
524,BOSTON,36 inch bins,BIG MACK TYPE,MASSACHUSETTS,sml,ORANGE
525,BOSTON,36 inch bins,BIG MACK TYPE,PENNSYLVANIA,jbo,ORANGE
526,BOSTON,36 inch bins,BIG MACK TYPE,PENNSYLVANIA,xlge,ORANGE
527,BOSTON,36 inch bins,BIG MACK TYPE,MASSACHUSETTS,jbo,ORANGE
528,BOSTON,36 inch bins,BIG MACK TYPE,MASSACHUSETTS,xlge,ORANGE
529,BOSTON,36 inch bins,BIG MACK TYPE,MASSACHUSETTS,lge,ORANGE
530,BOSTON,36 inch bins,BIG MACK TYPE,MASSACHUSETTS,med,ORANGE
531,BOSTON,36 inch bins,BIG MACK TYPE,MASSACHUSETTS,sml,ORANGE
532,BOSTON,36 inch bins,BIG MACK TYPE,PENNSYLVANIA,jbo,ORANGE
533,BOSTON,36 inch bins,BIG MACK TYPE,PENNSYLVANIA,xlge,ORANGE
534,BOSTON,1/2 bushel cartons,MINIATURE,MASSACHUSETTS,sml,WHITE
535,BOSTON,1/2 bushel cartons,MINIATURE,MASSACHUSETTS,sml,ORANGE
536,BOSTON,1/2 bushel cartons,MINIATURE,MASSACHUSETTS,sml,WHITE
537,BOSTON,1/2 bushel cartons,MINIATURE,MASSACHUSETTS,sml,ORANGE
538,BOSTON,1/2 bushel cartons,MINIATURE,MASSACHUSETTS,sml,ORANGE
539,BOSTON,1/2 bushel cartons,MINIATURE,MASSACHUSETTS,sml,WHITE
540,BOSTON,1/2 bushel cartons,MINIATURE,MASSACHUSETTS,sml,ORANGE
541,BOSTON,1/2 bushel cartons,MINIATURE,MASSACHUSETTS,sml,WHITE
542,BOSTON,1/2 bushel cartons,MINIATURE,MASSACHUSETTS,sml,WHITE
543,BOSTON,1/2 bushel cartons,MINIATURE,MASSACHUSETTS,sml,ORANGE
544,BOSTON,1/2 bushel cartons,MINIATURE,MASSACHUSETTS,sml,WHITE
545,BOSTON,1/2 bushel cartons,MINIATURE,MASSACHUSETTS,sml,ORANGE
546,BOSTON,1/2 bushel cartons,MINIATURE,MASSACHUSETTS,sml,ORANGE
547,BOSTON,1/2 bushel cartons,MINIATURE,MASSACHUSETTS,sml,WHITE
548,BOSTON,1/2 bushel cartons,MINIATURE,MASSACHUSETTS,sml,WHITE
549,BOSTON,1/2 bushel cartons,MINIATURE,MASSACHUSETTS,sml,ORANGE
550,BOSTON,1/2 bushel cartons,MINIATURE,MASSACHUSETTS,sml,WHITE
551,BOSTON,1/2 bushel cartons,MINIATURE,MASSACHUSETTS,sml,ORANGE
552,BOSTON,1/2 bushel cartons,MINIATURE,MASSACHUSETTS,sml,WHITE
553,BOSTON,1/2 bushel cartons,MINIATURE,MASSACHUSETTS,sml,ORANGE
554,BOSTON,1/2 bushel cartons,MINIATURE,MASSACHUSETTS,sml,ORANGE
555,BOSTON,1/2 bushel cartons,MINIATURE,MASSACHUSETTS,sml,WHITE
556,BOSTON,1/2 bushel cartons,MINIATURE,MASSACHUSETTS,sml,WHITE
557,BOSTON,1/2 bushel cartons,MINIATURE,MASSACHUSETTS,sml,ORANGE
558,BOSTON,1/2 bushel cartons,MINIATURE,MASSACHUSETTS,sml,WHITE
559,BOSTON,1/2 bushel cartons,MINIATURE,MASSACHUSETTS,sml,ORANGE
560,BOSTON,1/2 bushel cartons,MINIATURE,MASSACHUSETTS,sml,WHITE
561,BOSTON,1/2 bushel cartons,MINIATURE,MASSACHUSETTS,sml,ORANGE
562,CHICAGO,24 inch bins,HOWDEN TYPE,CANADA,lge,ORANGE
563,CHICAGO,24 inch bins,HOWDEN TYPE,ILLINOIS,lge,ORANGE
564,CHICAGO,24 inch bins,HOWDEN TYPE,CANADA,lge,ORANGE
565,CHICAGO,24 inch bins,HOWDEN TYPE,ILLINOIS,lge,ORANGE
566,CHICAGO,24 inch bins,HOWDEN TYPE,CANADA,lge,ORANGE
567,CHICAGO,24 inch bins,HOWDEN TYPE,ILLINOIS,lge,ORANGE
568,CHICAGO,36 inch bins,HOWDEN TYPE,ILLINOIS,lge,ORANGE
569,CHICAGO,36 inch bins,HOWDEN TYPE,MICHIGAN,lge,ORANGE
570,CHICAGO,36 inch bins,HOWDEN TYPE,ILLINOIS,lge,ORANGE
571,CHICAGO,36 inch bins,HOWDEN TYPE,MICHIGAN,lge,ORANGE
572,CHICAGO,36 inch bins,HOWDEN TYPE,ILLINOIS,lge,ORANGE
573,CHICAGO,36 inch bins,HOWDEN TYPE,MICHIGAN,lge,ORANGE
574,CHICAGO,36 inch bins,HOWDEN TYPE,ILLINOIS,lge,ORANGE
575,CHICAGO,36 inch bins,HOWDEN TYPE,MICHIGAN,lge,ORANGE
576,CHICAGO,36 inch bins,HOWDEN TYPE,OHIO,xlge,ORANGE
577,CHICAGO,36 inch bins,HOWDEN TYPE,ILLINOIS,lge,ORANGE
578,CHICAGO,36 inch bins,HOWDEN TYPE,MICHIGAN,lge,ORANGE
579,CHICAGO,36 inch bins,HOWDEN TYPE,OHIO,xlge,ORANGE
580,CHICAGO,36 inch bins,HOWDEN TYPE,ILLINOIS,lge,ORANGE
581,CHICAGO,36 inch bins,HOWDEN TYPE,MICHIGAN,lge,ORANGE
582,CHICAGO,36 inch bins,HOWDEN TYPE,OHIO,xlge,ORANGE
583,CHICAGO,36 inch bins,HOWDEN TYPE,ILLINOIS,lge,ORANGE
584,CHICAGO,36 inch bins,HOWDEN TYPE,MICHIGAN,lge,ORANGE
585,CHICAGO,36 inch bins,HOWDEN TYPE,OHIO,xlge,ORANGE
586,CHICAGO,36 inch bins,HOWDEN TYPE,ILLINOIS,lge,ORANGE
587,CHICAGO,36 inch bins,HOWDEN TYPE,MICHIGAN,lge,ORANGE
588,CHICAGO,36 inch bins,HOWDEN TYPE,OHIO,xlge,ORANGE
589,CHICAGO,36 inch bins,HOWDEN TYPE,ILLINOIS,lge,ORANGE
590,CHICAGO,36 inch bins,HOWDEN TYPE,MICHIGAN,lge,ORANGE
591,CHICAGO,36 inch bins,HOWDEN TYPE,OHIO,xlge,ORANGE
592,CHICAGO,36 inch bins,HOWDEN TYPE,ILLINOIS,lge,ORANGE
593,CHICAGO,36 inch bins,HOWDEN TYPE,MICHIGAN,lge,ORANGE
594,CHICAGO,36 inch bins,HOWDEN TYPE,ILLINOIS,lge,ORANGE
595,CHICAGO,36 inch bins,HOWDEN TYPE,MICHIGAN,lge,ORANGE
596,CHICAGO,36 inch bins,HOWDEN TYPE,ILLINOIS,lge,ORANGE
597,CHICAGO,36 inch bins,HOWDEN TYPE,MICHIGAN,lge,ORANGE
598,CHICAGO,36 inch bins,HOWDEN TYPE,MICHIGAN,xlge,ORANGE
599,CHICAGO,36 inch bins,HOWDEN TYPE,MICHIGAN,xlge,ORANGE
600,CHICAGO,24 inch bins,HOWDEN WHITE TYPE,ILLINOIS,med-lge,WHITE
601,CHICAGO,24 inch bins,HOWDEN WHITE TYPE,ILLINOIS,med-lge,WHITE
602,CHICAGO,24 inch bins,HOWDEN WHITE TYPE,ILLINOIS,med-lge,WHITE
603,CHICAGO,24 inch bins,HOWDEN WHITE TYPE,ILLINOIS,med-lge,WHITE
604,CHICAGO,24 inch bins,HOWDEN WHITE TYPE,ILLINOIS,med-lge,WHITE
605,CHICAGO,36 inch bins,HOWDEN WHITE TYPE,ILLINOIS,lge,WHITE
606,CHICAGO,36 inch bins,HOWDEN WHITE TYPE,ILLINOIS,lge,WHITE
607,CHICAGO,36 inch bins,HOWDEN WHITE TYPE,ILLINOIS,lge,WHITE
608,CHICAGO,36 inch bins,HOWDEN WHITE TYPE,ILLINOIS,lge,WHITE
609,CHICAGO,36 inch bins,HOWDEN WHITE TYPE,ILLINOIS,lge,WHITE
610,CHICAGO,36 inch bins,HOWDEN WHITE TYPE,ILLINOIS,lge,WHITE
611,CHICAGO,36 inch bins,HOWDEN WHITE TYPE,ILLINOIS,lge,WHITE
612,CHICAGO,36 inch bins,HOWDEN WHITE TYPE,ILLINOIS,lge,WHITE
769,CHICAGO,1/2 bushel cartons,MINIATURE,MICHIGAN,sml,ORANGE
771,CHICAGO,1/2 bushel cartons,MINIATURE,MICHIGAN,sml,WHITE
772,CHICAGO,1/2 bushel cartons,MINIATURE,OHIO,sml,WHITE
773,CHICAGO,1/2 bushel cartons,MINIATURE,OHIO,sml,ORANGE
774,CHICAGO,1/2 bushel cartons,MINIATURE,MICHIGAN,sml,WHITE
775,CHICAGO,1/2 bushel cartons,MINIATURE,MICHIGAN,sml,ORANGE
776,CHICAGO,1/2 bushel cartons,MINIATURE,OHIO,sml,ORANGE
777,CHICAGO,1/2 bushel cartons,MINIATURE,OHIO,sml,WHITE
778,CHICAGO,1/2 bushel cartons,MINIATURE,MICHIGAN,sml,WHITE
779,CHICAGO,1/2 bushel cartons,MINIATURE,MICHIGAN,sml,ORANGE
780,CHICAGO,1/2 bushel cartons,MINIATURE,OHIO,sml,WHITE
781,CHICAGO,1/2 bushel cartons,MINIATURE,OHIO,sml,ORANGE
782,CHICAGO,1/2 bushel cartons,MINIATURE,MICHIGAN,sml,WHITE
783,CHICAGO,1/2 bushel cartons,MINIATURE,MICHIGAN,sml,ORANGE
784,CHICAGO,1/2 bushel cartons,MINIATURE,OHIO,sml,ORANGE
785,CHICAGO,1/2 bushel cartons,MINIATURE,OHIO,sml,WHITE
786,CHICAGO,1/2 bushel cartons,MINIATURE,MICHIGAN,sml,WHITE
787,CHICAGO,1/2 bushel cartons,MINIATURE,MICHIGAN,sml,ORANGE
788,CHICAGO,1/2 bushel cartons,MINIATURE,OHIO,sml,WHITE
789,CHICAGO,1/2 bushel cartons,MINIATURE,OHIO,sml,ORANGE
790,CHICAGO,1/2 bushel cartons,MINIATURE,MICHIGAN,sml,WHITE
791,CHICAGO,1/2 bushel cartons,MINIATURE,MICHIGAN,sml,ORANGE
792,CHICAGO,1/2 bushel cartons,MINIATURE,OHIO,sml,ORANGE
793,CHICAGO,1/2 bushel cartons,MINIATURE,OHIO,sml,WHITE
794,CHICAGO,1/2 bushel cartons,MINIATURE,MICHIGAN,sml,WHITE
795,CHICAGO,1/2 bushel cartons,MINIATURE,MICHIGAN,sml,ORANGE
796,CHICAGO,1/2 bushel cartons,MINIATURE,OHIO,sml,ORANGE
797,CHICAGO,1/2 bushel cartons,MINIATURE,OHIO,sml,WHITE
798,CHICAGO,1/2 bushel cartons,MINIATURE,MICHIGAN,sml,ORANGE
799,CHICAGO,1/2 bushel cartons,MINIATURE,MICHIGAN,sml,WHITE
800,CHICAGO,1/2 bushel cartons,MINIATURE,OHIO,sml,WHITE
801,CHICAGO,1/2 bushel cartons,MINIATURE,OHIO,sml,ORANGE
802,CHICAGO,1/2 bushel cartons,MINIATURE,MICHIGAN,sml,WHITE
803,CHICAGO,1/2 bushel cartons,MINIATURE,MICHIGAN,sml,ORANGE
804,CHICAGO,1/2 bushel cartons,MINIATURE,OHIO,sml,ORANGE
805,CHICAGO,1/2 bushel cartons,MINIATURE,OHIO,sml,WHITE
810,COLUMBIA,24 inch bins,HOWDEN TYPE,NORTH CAROLINA,med,ORANGE
811,COLUMBIA,24 inch bins,HOWDEN TYPE,NORTH CAROLINA,med,ORANGE
812,COLUMBIA,24 inch bins,HOWDEN TYPE,NORTH CAROLINA,med,ORANGE
813,COLUMBIA,36 inch bins,HOWDEN TYPE,MICHIGAN,lge,ORANGE
814,COLUMBIA,36 inch bins,HOWDEN TYPE,NORTH CAROLINA,jbo,ORANGE
815,COLUMBIA,36 inch bins,HOWDEN TYPE,NORTH CAROLINA,lge,ORANGE
816,COLUMBIA,36 inch bins,HOWDEN TYPE,NORTH CAROLINA,med,ORANGE
817,COLUMBIA,36 inch bins,HOWDEN TYPE,PENNSYLVANIA,exjbo,ORANGE
818,COLUMBIA,36 inch bins,HOWDEN TYPE,PENNSYLVANIA,jbo,ORANGE
819,COLUMBIA,36 inch bins,HOWDEN TYPE,PENNSYLVANIA,xlge,ORANGE
820,COLUMBIA,36 inch bins,HOWDEN TYPE,PENNSYLVANIA,med,ORANGE
821,COLUMBIA,36 inch bins,HOWDEN TYPE,VIRGINIA,lge,ORANGE
822,COLUMBIA,36 inch bins,HOWDEN TYPE,VIRGINIA,med,ORANGE
823,COLUMBIA,36 inch bins,HOWDEN TYPE,MICHIGAN,lge,ORANGE
824,COLUMBIA,36 inch bins,HOWDEN TYPE,NORTH CAROLINA,jbo,ORANGE
825,COLUMBIA,36 inch bins,HOWDEN TYPE,NORTH CAROLINA,lge,ORANGE
826,COLUMBIA,36 inch bins,HOWDEN TYPE,NORTH CAROLINA,med,ORANGE
827,COLUMBIA,36 inch bins,HOWDEN TYPE,PENNSYLVANIA,exjbo,ORANGE
828,COLUMBIA,36 inch bins,HOWDEN TYPE,PENNSYLVANIA,jbo,ORANGE
829,COLUMBIA,36 inch bins,HOWDEN TYPE,PENNSYLVANIA,xlge,ORANGE
830,COLUMBIA,36 inch bins,HOWDEN TYPE,PENNSYLVANIA,med,ORANGE
831,COLUMBIA,36 inch bins,HOWDEN TYPE,PENNSYLVANIA,sml,ORANGE
832,COLUMBIA,36 inch bins,HOWDEN TYPE,VIRGINIA,lge,ORANGE
833,COLUMBIA,36 inch bins,HOWDEN TYPE,VIRGINIA,med,ORANGE
834,COLUMBIA,36 inch bins,HOWDEN TYPE,MICHIGAN,lge,ORANGE
835,COLUMBIA,36 inch bins,HOWDEN TYPE,NORTH CAROLINA,jbo,ORANGE
836,COLUMBIA,36 inch bins,HOWDEN TYPE,NORTH CAROLINA,lge,ORANGE
837,COLUMBIA,36 inch bins,HOWDEN TYPE,NORTH CAROLINA,med,ORANGE
838,COLUMBIA,36 inch bins,HOWDEN TYPE,PENNSYLVANIA,exjbo,ORANGE
839,COLUMBIA,36 inch bins,HOWDEN TYPE,PENNSYLVANIA,jbo,ORANGE
840,COLUMBIA,36 inch bins,HOWDEN TYPE,PENNSYLVANIA,xlge,ORANGE
841,COLUMBIA,36 inch bins,HOWDEN TYPE,PENNSYLVANIA,med,ORANGE
842,COLUMBIA,36 inch bins,HOWDEN TYPE,PENNSYLVANIA,sml,ORANGE
843,COLUMBIA,36 inch bins,HOWDEN TYPE,VIRGINIA,lge,ORANGE
844,COLUMBIA,36 inch bins,HOWDEN TYPE,VIRGINIA,med,ORANGE
845,COLUMBIA,36 inch bins,HOWDEN TYPE,MICHIGAN,lge,ORANGE
846,COLUMBIA,36 inch bins,HOWDEN TYPE,NORTH CAROLINA,jbo,ORANGE
847,COLUMBIA,36 inch bins,HOWDEN TYPE,NORTH CAROLINA,lge,ORANGE
848,COLUMBIA,36 inch bins,HOWDEN TYPE,NORTH CAROLINA,med,ORANGE
849,COLUMBIA,36 inch bins,HOWDEN TYPE,PENNSYLVANIA,exjbo,ORANGE
850,COLUMBIA,36 inch bins,HOWDEN TYPE,PENNSYLVANIA,jbo,ORANGE
851,COLUMBIA,36 inch bins,HOWDEN TYPE,PENNSYLVANIA,xlge,ORANGE
852,COLUMBIA,36 inch bins,HOWDEN TYPE,PENNSYLVANIA,med,ORANGE
853,COLUMBIA,36 inch bins,HOWDEN TYPE,PENNSYLVANIA,sml,ORANGE
854,COLUMBIA,36 inch bins,HOWDEN TYPE,VIRGINIA,lge,ORANGE
855,COLUMBIA,36 inch bins,HOWDEN TYPE,VIRGINIA,med,ORANGE
856,COLUMBIA,36 inch bins,HOWDEN TYPE,MICHIGAN,lge,ORANGE
857,COLUMBIA,36 inch bins,HOWDEN TYPE,NORTH CAROLINA,jbo,ORANGE
858,COLUMBIA,36 inch bins,HOWDEN TYPE,NORTH CAROLINA,lge,ORANGE
859,COLUMBIA,36 inch bins,HOWDEN TYPE,NORTH CAROLINA,med,ORANGE
860,COLUMBIA,36 inch bins,HOWDEN TYPE,PENNSYLVANIA,exjbo,ORANGE
861,COLUMBIA,36 inch bins,HOWDEN TYPE,PENNSYLVANIA,jbo,ORANGE
862,COLUMBIA,36 inch bins,HOWDEN TYPE,PENNSYLVANIA,xlge,ORANGE
863,COLUMBIA,36 inch bins,HOWDEN TYPE,PENNSYLVANIA,med,ORANGE
864,COLUMBIA,36 inch bins,HOWDEN TYPE,PENNSYLVANIA,sml,ORANGE
865,COLUMBIA,36 inch bins,HOWDEN TYPE,VIRGINIA,lge,ORANGE
866,COLUMBIA,36 inch bins,HOWDEN TYPE,VIRGINIA,med,ORANGE
867,COLUMBIA,36 inch bins,HOWDEN TYPE,MICHIGAN,lge,ORANGE
868,COLUMBIA,36 inch bins,HOWDEN TYPE,NORTH CAROLINA,jbo,ORANGE
869,COLUMBIA,36 inch bins,HOWDEN TYPE,NORTH CAROLINA,lge,ORANGE
870,COLUMBIA,36 inch bins,HOWDEN TYPE,NORTH CAROLINA,med,ORANGE
871,COLUMBIA,36 inch bins,HOWDEN TYPE,PENNSYLVANIA,exjbo,ORANGE
872,COLUMBIA,36 inch bins,HOWDEN TYPE,PENNSYLVANIA,jbo,ORANGE
873,COLUMBIA,36 inch bins,HOWDEN TYPE,PENNSYLVANIA,xlge,ORANGE
874,COLUMBIA,36 inch bins,HOWDEN TYPE,PENNSYLVANIA,med,ORANGE
875,COLUMBIA,36 inch bins,HOWDEN TYPE,PENNSYLVANIA,sml,ORANGE
876,COLUMBIA,36 inch bins,HOWDEN TYPE,VIRGINIA,lge,ORANGE
877,COLUMBIA,36 inch bins,HOWDEN TYPE,VIRGINIA,med,ORANGE
878,COLUMBIA,36 inch bins,HOWDEN TYPE,PENNSYLVANIA,jbo,ORANGE
879,COLUMBIA,36 inch bins,HOWDEN TYPE,PENNSYLVANIA,lge,ORANGE
880,COLUMBIA,36 inch bins,HOWDEN TYPE,PENNSYLVANIA,med,ORANGE
881,COLUMBIA,36 inch bins,HOWDEN TYPE,VIRGINIA,jbo,ORANGE
882,COLUMBIA,36 inch bins,HOWDEN TYPE,VIRGINIA,xlge,ORANGE
883,COLUMBIA,36 inch bins,HOWDEN TYPE,VIRGINIA,lge,ORANGE
884,COLUMBIA,36 inch bins,HOWDEN TYPE,VIRGINIA,sml,ORANGE
885,COLUMBIA,36 inch bins,HOWDEN TYPE,MARYLAND,lge,ORANGE
886,COLUMBIA,36 inch bins,HOWDEN TYPE,PENNSYLVANIA,jbo,ORANGE
887,COLUMBIA,36 inch bins,HOWDEN TYPE,PENNSYLVANIA,lge,ORANGE
888,COLUMBIA,36 inch bins,HOWDEN TYPE,PENNSYLVANIA,med,ORANGE
889,COLUMBIA,36 inch bins,HOWDEN TYPE,VIRGINIA,jbo,ORANGE
890,COLUMBIA,36 inch bins,HOWDEN TYPE,VIRGINIA,xlge,ORANGE
891,COLUMBIA,36 inch bins,HOWDEN TYPE,VIRGINIA,lge,ORANGE
892,COLUMBIA,36 inch bins,HOWDEN TYPE,VIRGINIA,sml,ORANGE
893,COLUMBIA,36 inch bins,HOWDEN TYPE,MARYLAND,lge,ORANGE
894,COLUMBIA,36 inch bins,HOWDEN TYPE,PENNSYLVANIA,jbo,ORANGE
895,COLUMBIA,36 inch bins,HOWDEN TYPE,PENNSYLVANIA,lge,ORANGE
896,COLUMBIA,36 inch bins,HOWDEN TYPE,PENNSYLVANIA,med,ORANGE
897,COLUMBIA,36 inch bins,HOWDEN TYPE,VIRGINIA,jbo,ORANGE
898,COLUMBIA,36 inch bins,HOWDEN TYPE,VIRGINIA,xlge,ORANGE
899,COLUMBIA,36 inch bins,HOWDEN TYPE,VIRGINIA,lge,ORANGE
900,COLUMBIA,36 inch bins,HOWDEN TYPE,VIRGINIA,sml,ORANGE
901,COLUMBIA,24 inch bins,HOWDEN WHITE TYPE,PENNSYLVANIA,sml,WHITE
902,COLUMBIA,24 inch bins,HOWDEN WHITE TYPE,PENNSYLVANIA,sml,WHITE
903,COLUMBIA,24 inch bins,HOWDEN WHITE TYPE,PENNSYLVANIA,sml,WHITE
904,COLUMBIA,24 inch bins,HOWDEN WHITE TYPE,VIRGINIA,sml,WHITE
905,COLUMBIA,24 inch bins,HOWDEN WHITE TYPE,PENNSYLVANIA,sml,WHITE
906,COLUMBIA,24 inch bins,HOWDEN WHITE TYPE,VIRGINIA,sml,WHITE
907,COLUMBIA,24 inch bins,HOWDEN WHITE TYPE,PENNSYLVANIA,sml,WHITE
908,COLUMBIA,24 inch bins,HOWDEN WHITE TYPE,VIRGINIA,sml,WHITE
937,COLUMBIA,24 inch bins,PIE TYPE,NORTH CAROLINA,med,ORANGE
938,COLUMBIA,24 inch bins,PIE TYPE,VIRGINIA,med,ORANGE
939,COLUMBIA,24 inch bins,PIE TYPE,NORTH CAROLINA,med,ORANGE
940,COLUMBIA,24 inch bins,PIE TYPE,PENNSYLVANIA,med-lge,WHITE
941,COLUMBIA,24 inch bins,PIE TYPE,PENNSYLVANIA,med-lge,ORANGE
942,COLUMBIA,24 inch bins,PIE TYPE,PENNSYLVANIA,sml,ORANGE
943,COLUMBIA,24 inch bins,PIE TYPE,VIRGINIA,med,ORANGE
944,COLUMBIA,24 inch bins,PIE TYPE,NORTH CAROLINA,med,ORANGE
945,COLUMBIA,24 inch bins,PIE TYPE,PENNSYLVANIA,med-lge,WHITE
946,COLUMBIA,24 inch bins,PIE TYPE,PENNSYLVANIA,med-lge,ORANGE
947,COLUMBIA,24 inch bins,PIE TYPE,PENNSYLVANIA,sml,ORANGE
948,COLUMBIA,24 inch bins,PIE TYPE,VIRGINIA,med,ORANGE
949,COLUMBIA,24 inch bins,PIE TYPE,NORTH CAROLINA,med,ORANGE
950,COLUMBIA,24 inch bins,PIE TYPE,PENNSYLVANIA,med-lge,ORANGE
951,COLUMBIA,24 inch bins,PIE TYPE,PENNSYLVANIA,med-lge,WHITE
952,COLUMBIA,24 inch bins,PIE TYPE,PENNSYLVANIA,sml,ORANGE
953,COLUMBIA,24 inch bins,PIE TYPE,VIRGINIA,med,ORANGE
954,COLUMBIA,24 inch bins,PIE TYPE,NORTH CAROLINA,med,ORANGE
955,COLUMBIA,24 inch bins,PIE TYPE,PENNSYLVANIA,med-lge,WHITE
956,COLUMBIA,24 inch bins,PIE TYPE,PENNSYLVANIA,med-lge,ORANGE
957,COLUMBIA,24 inch bins,PIE TYPE,PENNSYLVANIA,sml,ORANGE
958,COLUMBIA,24 inch bins,PIE TYPE,VIRGINIA,med,ORANGE
959,COLUMBIA,24 inch bins,PIE TYPE,NORTH CAROLINA,med,ORANGE
960,COLUMBIA,24 inch bins,PIE TYPE,PENNSYLVANIA,med-lge,ORANGE
961,COLUMBIA,24 inch bins,PIE TYPE,PENNSYLVANIA,med-lge,WHITE
962,COLUMBIA,24 inch bins,PIE TYPE,PENNSYLVANIA,sml,ORANGE
963,COLUMBIA,24 inch bins,PIE TYPE,VIRGINIA,med,ORANGE
972,COLUMBIA,36 inch bins,PIE TYPE,PENNSYLVANIA,med,ORANGE
973,COLUMBIA,36 inch bins,PIE TYPE,PENNSYLVANIA,med,ORANGE
974,COLUMBIA,36 inch bins,PIE TYPE,PENNSYLVANIA,med,ORANGE
975,COLUMBIA,36 inch bins,PIE TYPE,PENNSYLVANIA,med,ORANGE
976,COLUMBIA,36 inch bins,PIE TYPE,PENNSYLVANIA,med,ORANGE
977,COLUMBIA,bushel cartons,PIE TYPE,MICHIGAN,med,ORANGE
978,COLUMBIA,bushel cartons,PIE TYPE,MICHIGAN,med-lge,ORANGE
979,COLUMBIA,bushel cartons,PIE TYPE,MICHIGAN,med-lge,ORANGE
980,COLUMBIA,bushel cartons,PIE TYPE,MICHIGAN,med-lge,ORANGE
981,COLUMBIA,bushel cartons,PIE TYPE,MICHIGAN,med-lge,ORANGE
982,COLUMBIA,bushel cartons,PIE TYPE,MICHIGAN,med-lge,ORANGE
983,COLUMBIA,bushel cartons,PIE TYPE,MICHIGAN,med-lge,ORANGE
1019,COLUMBIA,1/2 bushel cartons,MINIATURE,MICHIGAN,sml,ORANGE
1020,COLUMBIA,1/2 bushel cartons,MINIATURE,PENNSYLVANIA,sml,ORANGE
1021,COLUMBIA,1/2 bushel cartons,MINIATURE,PENNSYLVANIA,sml,WHITE
1022,COLUMBIA,1/2 bushel cartons,MINIATURE,MICHIGAN,sml,ORANGE
1023,COLUMBIA,1/2 bushel cartons,MINIATURE,PENNSYLVANIA,sml,ORANGE
1024,COLUMBIA,1/2 bushel cartons,MINIATURE,PENNSYLVANIA,sml,WHITE
1025,COLUMBIA,1/2 bushel cartons,MINIATURE,MICHIGAN,sml,ORANGE
1026,COLUMBIA,1/2 bushel cartons,MINIATURE,PENNSYLVANIA,sml,ORANGE
1027,COLUMBIA,1/2 bushel cartons,MINIATURE,PENNSYLVANIA,sml,WHITE
1028,COLUMBIA,1/2 bushel cartons,MINIATURE,MICHIGAN,sml,ORANGE
1029,COLUMBIA,1/2 bushel cartons,MINIATURE,PENNSYLVANIA,sml,ORANGE
1030,COLUMBIA,1/2 bushel cartons,MINIATURE,PENNSYLVANIA,sml,WHITE
1031,COLUMBIA,1/2 bushel cartons,MINIATURE,MICHIGAN,sml,ORANGE
1032,COLUMBIA,1/2 bushel cartons,MINIATURE,PENNSYLVANIA,sml,WHITE
1033,COLUMBIA,1/2 bushel cartons,MINIATURE,PENNSYLVANIA,sml,ORANGE
1034,COLUMBIA,1/2 bushel cartons,MINIATURE,MICHIGAN,sml,ORANGE
1035,COLUMBIA,1/2 bushel cartons,MINIATURE,PENNSYLVANIA,sml,ORANGE
1036,COLUMBIA,1/2 bushel cartons,MINIATURE,PENNSYLVANIA,sml,WHITE
1056,COLUMBIA,bushel cartons,MINIATURE,PENNSYLVANIA,sml,ORANGE
1057,COLUMBIA,bushel cartons,MINIATURE,PENNSYLVANIA,sml,WHITE
1058,COLUMBIA,bushel cartons,MINIATURE,PENNSYLVANIA,lge,ORANGE
1059,COLUMBIA,bushel cartons,MINIATURE,PENNSYLVANIA,sml,WHITE
1060,COLUMBIA,bushel cartons,MINIATURE,PENNSYLVANIA,sml,ORANGE
1061,COLUMBIA,bushel cartons,MINIATURE,PENNSYLVANIA,lge,ORANGE
1062,COLUMBIA,bushel cartons,MINIATURE,PENNSYLVANIA,sml,ORANGE
1063,COLUMBIA,bushel cartons,MINIATURE,PENNSYLVANIA,sml,WHITE
1064,COLUMBIA,bushel cartons,MINIATURE,PENNSYLVANIA,lge,ORANGE
1065,COLUMBIA,bushel cartons,MINIATURE,PENNSYLVANIA,sml,WHITE
1066,COLUMBIA,bushel cartons,MINIATURE,PENNSYLVANIA,sml,ORANGE
1067,COLUMBIA,bushel cartons,MINIATURE,PENNSYLVANIA,lge,ORANGE
1068,COLUMBIA,bushel cartons,MINIATURE,PENNSYLVANIA,sml,ORANGE
1069,COLUMBIA,bushel cartons,MINIATURE,PENNSYLVANIA,sml,WHITE
1070,COLUMBIA,bushel cartons,MINIATURE,PENNSYLVANIA,lge,ORANGE
1071,COLUMBIA,bushel cartons,MINIATURE,PENNSYLVANIA,sml,ORANGE
1072,COLUMBIA,bushel cartons,MINIATURE,PENNSYLVANIA,sml,WHITE
1073,LOS ANGELES,24 inch bins,HOWDEN TYPE,CALIFORNIA,lge,ORANGE
1074,LOS ANGELES,24 inch bins,HOWDEN TYPE,CALIFORNIA,med,ORANGE
1075,LOS ANGELES,24 inch bins,HOWDEN TYPE,CALIFORNIA,lge,ORANGE
1076,LOS ANGELES,24 inch bins,HOWDEN TYPE,CALIFORNIA,med,ORANGE
1077,LOS ANGELES,24 inch bins,HOWDEN TYPE,CALIFORNIA,lge,ORANGE
1078,LOS ANGELES,24 inch bins,HOWDEN TYPE,CALIFORNIA,med,ORANGE
1079,LOS ANGELES,24 inch bins,HOWDEN TYPE,CALIFORNIA,lge,ORANGE
1080,LOS ANGELES,24 inch bins,HOWDEN TYPE,CALIFORNIA,med,ORANGE
1081,LOS ANGELES,24 inch bins,HOWDEN TYPE,CALIFORNIA,lge,ORANGE
1082,LOS ANGELES,24 inch bins,HOWDEN TYPE,CALIFORNIA,med,ORANGE
1083,LOS ANGELES,24 inch bins,HOWDEN TYPE,CALIFORNIA,lge,ORANGE
1084,LOS ANGELES,24 inch bins,HOWDEN TYPE,CALIFORNIA,med,ORANGE
1085,LOS ANGELES,24 inch bins,HOWDEN TYPE,CALIFORNIA,lge,ORANGE
1086,LOS ANGELES,24 inch bins,HOWDEN TYPE,CALIFORNIA,med,ORANGE
1087,LOS ANGELES,36 inch bins,HOWDEN TYPE,CALIFORNIA,lge,ORANGE
1088,LOS ANGELES,36 inch bins,HOWDEN TYPE,CALIFORNIA,lge,ORANGE
1089,LOS ANGELES,36 inch bins,HOWDEN TYPE,CALIFORNIA,lge,ORANGE
1090,LOS ANGELES,36 inch bins,HOWDEN TYPE,CALIFORNIA,med-lge,ORANGE
1091,LOS ANGELES,36 inch bins,HOWDEN TYPE,CALIFORNIA,med,ORANGE
1092,LOS ANGELES,36 inch bins,HOWDEN TYPE,CALIFORNIA,sml,ORANGE
1093,LOS ANGELES,bins,HOWDEN TYPE,CALIFORNIA,med,ORANGE
1094,LOS ANGELES,36 inch bins,HOWDEN WHITE TYPE,CALIFORNIA,med,WHITE
1095,LOS ANGELES,36 inch bins,HOWDEN WHITE TYPE,CALIFORNIA,med,WHITE
1096,LOS ANGELES,36 inch bins,HOWDEN WHITE TYPE,CALIFORNIA,med,WHITE
1097,LOS ANGELES,36 inch bins,HOWDEN WHITE TYPE,CALIFORNIA,med,WHITE
1098,LOS ANGELES,36 inch bins,HOWDEN WHITE TYPE,CALIFORNIA,med,WHITE
1135,NEW YORK,36 inch bins,HOWDEN TYPE,MICHIGAN,xlge,ORANGE
1136,NEW YORK,36 inch bins,HOWDEN TYPE,MICHIGAN,lge,ORANGE
1137,NEW YORK,36 inch bins,HOWDEN TYPE,NEW JERSEY,xlge,ORANGE
1138,NEW YORK,36 inch bins,HOWDEN TYPE,NEW JERSEY,lge,ORANGE
1139,NEW YORK,36 inch bins,HOWDEN TYPE,NEW YORK,med-lge,ORANGE
1140,NEW YORK,36 inch bins,HOWDEN TYPE,PENNSYLVANIA,xlge,ORANGE
1141,NEW YORK,36 inch bins,HOWDEN TYPE,PENNSYLVANIA,lge,ORANGE
1142,NEW YORK,36 inch bins,HOWDEN TYPE,PENNSYLVANIA,med,ORANGE
1143,NEW YORK,36 inch bins,HOWDEN TYPE,MICHIGAN,xlge,ORANGE
1144,NEW YORK,36 inch bins,HOWDEN TYPE,MICHIGAN,lge,ORANGE
1145,NEW YORK,36 inch bins,HOWDEN TYPE,NEW JERSEY,xlge,ORANGE
1146,NEW YORK,36 inch bins,HOWDEN TYPE,NEW YORK,med-lge,ORANGE
1147,NEW YORK,36 inch bins,HOWDEN TYPE,PENNSYLVANIA,xlge,ORANGE
1148,NEW YORK,36 inch bins,HOWDEN TYPE,PENNSYLVANIA,lge,ORANGE
1149,NEW YORK,36 inch bins,HOWDEN TYPE,MICHIGAN,xlge,ORANGE
1150,NEW YORK,36 inch bins,HOWDEN TYPE,MICHIGAN,lge,ORANGE
1151,NEW YORK,36 inch bins,HOWDEN TYPE,NEW JERSEY,xlge,ORANGE
1152,NEW YORK,36 inch bins,HOWDEN TYPE,NEW YORK,xlge,ORANGE
1153,NEW YORK,36 inch bins,HOWDEN TYPE,PENNSYLVANIA,xlge,ORANGE
1154,NEW YORK,36 inch bins,HOWDEN TYPE,NEW JERSEY,xlge,ORANGE
1155,NEW YORK,36 inch bins,HOWDEN TYPE,NEW YORK,xlge,ORANGE
1156,NEW YORK,36 inch bins,HOWDEN TYPE,NEW JERSEY,xlge,ORANGE
1157,NEW YORK,36 inch bins,HOWDEN TYPE,NEW YORK,xlge,ORANGE
1158,NEW YORK,36 inch bins,HOWDEN TYPE,NEW JERSEY,xlge,ORANGE
1159,NEW YORK,36 inch bins,HOWDEN TYPE,OHIO,xlge,ORANGE
1160,NEW YORK,36 inch bins,HOWDEN TYPE,NEW JERSEY,xlge,ORANGE
1161,NEW YORK,36 inch bins,HOWDEN TYPE,NEW JERSEY,xlge,ORANGE
1162,NEW YORK,36 inch bins,HOWDEN TYPE,NEW JERSEY,lge,ORANGE
1163,NEW YORK,36 inch bins,HOWDEN TYPE,NEW YORK,lge,ORANGE
1164,NEW YORK,36 inch bins,HOWDEN TYPE,PENNSYLVANIA,xlge,ORANGE
1165,NEW YORK,36 inch bins,HOWDEN TYPE,PENNSYLVANIA,lge,ORANGE
1166,NEW YORK,36 inch bins,HOWDEN TYPE,NEW JERSEY,xlge,ORANGE
1167,NEW YORK,36 inch bins,HOWDEN TYPE,NEW YORK,lge,ORANGE
1168,NEW YORK,36 inch bins,HOWDEN TYPE,PENNSYLVANIA,xlge,ORANGE
1169,NEW YORK,36 inch bins,HOWDEN TYPE,PENNSYLVANIA,lge,ORANGE
1170,NEW YORK,36 inch bins,HOWDEN TYPE,NEW JERSEY,xlge,ORANGE
1171,NEW YORK,36 inch bins,HOWDEN TYPE,NEW YORK,lge,ORANGE
1172,NEW YORK,36 inch bins,HOWDEN TYPE,PENNSYLVANIA,xlge,ORANGE
1173,NEW YORK,36 inch bins,HOWDEN TYPE,PENNSYLVANIA,lge,ORANGE
1195,NEW YORK,24 inch bins,PIE TYPE,NEW JERSEY,lge,ORANGE
1196,NEW YORK,24 inch bins,PIE TYPE,PENNSYLVANIA,lge,ORANGE
1197,NEW YORK,24 inch bins,PIE TYPE,NEW JERSEY,lge,ORANGE
1198,NEW YORK,24 inch bins,PIE TYPE,PENNSYLVANIA,lge,ORANGE
1199,NEW YORK,24 inch bins,PIE TYPE,NEW JERSEY,lge,ORANGE
1200,NEW YORK,24 inch bins,PIE TYPE,NEW YORK,lge,ORANGE
1201,NEW YORK,24 inch bins,PIE TYPE,PENNSYLVANIA,lge,ORANGE
1209,NEW YORK,36 inch bins,PIE TYPE,PENNSYLVANIA,lge,ORANGE
1210,NEW YORK,36 inch bins,PIE TYPE,PENNSYLVANIA,lge,ORANGE
1211,NEW YORK,36 inch bins,PIE TYPE,PENNSYLVANIA,lge,ORANGE
1221,NEW YORK,1/2 bushel cartons,MINIATURE,OHIO,sml,WHITE
1223,NEW YORK,1/2 bushel cartons,MINIATURE,OHIO,sml,WHITE
1225,NEW YORK,1/2 bushel cartons,MINIATURE,OHIO,sml,WHITE
1227,NEW YORK,1/2 bushel cartons,MINIATURE,OHIO,sml,WHITE
1228,NEW YORK,1/2 bushel cartons,MINIATURE,OHIO,sml,WHITE
1231,NEW YORK,1/2 bushel cartons,MINIATURE,OHIO,sml,WHITE
1233,NEW YORK,1/2 bushel cartons,MINIATURE,OHIO,sml,WHITE
1236,NEW YORK,1/2 bushel cartons,MINIATURE,OHIO,sml,WHITE
1239,NEW YORK,1/2 bushel cartons,MINIATURE,OHIO,sml,WHITE
1255,DETROIT,24 inch bins,HOWDEN WHITE TYPE,MICHIGAN,med-lge,WHITE
1256,DETROIT,24 inch bins,HOWDEN WHITE TYPE,MICHIGAN,med-lge,WHITE
1257,DETROIT,1 1/9 bushel cartons,PIE TYPE,MICHIGAN,med,ORANGE
1258,DETROIT,1 1/9 bushel cartons,PIE TYPE,MICHIGAN,med,ORANGE
1259,DETROIT,1 1/9 bushel cartons,PIE TYPE,MICHIGAN,med,ORANGE
1269,DETROIT,24 inch bins,PIE TYPE,MICHIGAN,lge,ORANGE
1270,DETROIT,24 inch bins,PIE TYPE,MICHIGAN,sml,ORANGE
1271,DETROIT,24 inch bins,PIE TYPE,MICHIGAN,lge,ORANGE
1272,DETROIT,24 inch bins,PIE TYPE,MICHIGAN,sml,ORANGE
1273,DETROIT,24 inch bins,PIE TYPE,MICHIGAN,lge,ORANGE
1274,DETROIT,24 inch bins,PIE TYPE,MICHIGAN,sml,ORANGE
1275,DETROIT,24 inch bins,PIE TYPE,MICHIGAN,lge,ORANGE
1276,DETROIT,24 inch bins,PIE TYPE,MICHIGAN,sml,ORANGE
1277,DETROIT,24 inch bins,PIE TYPE,MICHIGAN,lge,ORANGE
1278,DETROIT,24 inch bins,PIE TYPE,MICHIGAN,sml,ORANGE
1294,DALLAS,24 inch bins,HOWDEN TYPE,TEXAS,jbo,ORANGE
1295,DALLAS,24 inch bins,HOWDEN TYPE,TEXAS,med,ORANGE
1296,DALLAS,24 inch bins,HOWDEN TYPE,TEXAS,sml,ORANGE
1297,DALLAS,24 inch bins,HOWDEN TYPE,TEXAS,jbo,ORANGE
1298,DALLAS,24 inch bins,HOWDEN TYPE,TEXAS,med,ORANGE
1299,DALLAS,24 inch bins,HOWDEN TYPE,TEXAS,sml,ORANGE
1300,DALLAS,24 inch bins,HOWDEN TYPE,TEXAS,jbo,ORANGE
1301,DALLAS,24 inch bins,HOWDEN TYPE,TEXAS,med,ORANGE
1302,DALLAS,24 inch bins,HOWDEN TYPE,TEXAS,sml,ORANGE
1303,DALLAS,24 inch bins,HOWDEN TYPE,TEXAS,jbo,ORANGE
1304,DALLAS,24 inch bins,HOWDEN TYPE,TEXAS,med,ORANGE
1305,DALLAS,24 inch bins,HOWDEN TYPE,TEXAS,sml,ORANGE
1306,DALLAS,24 inch bins,HOWDEN TYPE,TEXAS,jbo,ORANGE
1307,DALLAS,24 inch bins,HOWDEN TYPE,TEXAS,med,ORANGE
1308,DALLAS,24 inch bins,HOWDEN TYPE,TEXAS,sml,ORANGE
1309,DALLAS,24 inch bins,HOWDEN TYPE,TEXAS,jbo,ORANGE
1310,DALLAS,24 inch bins,HOWDEN TYPE,TEXAS,med,ORANGE
1311,DALLAS,24 inch bins,HOWDEN TYPE,TEXAS,sml,ORANGE
1312,DALLAS,24 inch bins,HOWDEN TYPE,TEXAS,jbo,ORANGE
1313,DALLAS,24 inch bins,HOWDEN TYPE,TEXAS,med,ORANGE
1314,DALLAS,24 inch bins,HOWDEN TYPE,TEXAS,sml,ORANGE
1315,DALLAS,24 inch bins,HOWDEN TYPE,TEXAS,lge,ORANGE
1316,DALLAS,24 inch bins,HOWDEN TYPE,TEXAS,med,ORANGE
1317,DALLAS,24 inch bins,HOWDEN TYPE,TEXAS,jbo,ORANGE
1318,DALLAS,24 inch bins,HOWDEN TYPE,TEXAS,lge,ORANGE
1319,DALLAS,24 inch bins,HOWDEN TYPE,TEXAS,med,ORANGE
1320,DALLAS,24 inch bins,HOWDEN TYPE,TEXAS,jbo,ORANGE
1321,DALLAS,24 inch bins,HOWDEN TYPE,TEXAS,xlge,ORANGE
1322,DALLAS,24 inch bins,HOWDEN TYPE,TEXAS,lge,ORANGE
1323,DALLAS,24 inch bins,HOWDEN TYPE,TEXAS,med-lge,ORANGE
1324,DALLAS,24 inch bins,HOWDEN TYPE,TEXAS,med,ORANGE
1325,DALLAS,36 inch bins,HOWDEN TYPE,TEXAS,jbo,ORANGE
1326,DALLAS,36 inch bins,HOWDEN TYPE,TEXAS,jbo,ORANGE
1327,DALLAS,36 inch bins,HOWDEN TYPE,TEXAS,jbo,ORANGE
1328,DALLAS,36 inch bins,HOWDEN TYPE,TEXAS,jbo,ORANGE
1329,DALLAS,36 inch bins,HOWDEN TYPE,TEXAS,jbo,ORANGE
1330,DALLAS,36 inch bins,HOWDEN TYPE,TEXAS,jbo,ORANGE
1331,DALLAS,36 inch bins,HOWDEN TYPE,TEXAS,jbo,ORANGE
1332,DALLAS,36 inch bins,HOWDEN TYPE,MEXICO,lge,ORANGE
1333,DALLAS,36 inch bins,HOWDEN TYPE,MEXICO,med-lge,ORANGE
1334,DALLAS,36 inch bins,HOWDEN TYPE,MEXICO,lge,ORANGE
1335,DALLAS,36 inch bins,HOWDEN TYPE,MEXICO,med-lge,ORANGE
1336,DALLAS,36 inch bins,HOWDEN TYPE,TEXAS,med-lge,ORANGE
1337,DALLAS,36 inch bins,HOWDEN TYPE,MEXICO,lge,ORANGE
1338,DALLAS,36 inch bins,HOWDEN TYPE,MEXICO,med-lge,ORANGE
1339,DALLAS,36 inch bins,HOWDEN TYPE,TEXAS,med-lge,ORANGE
1340,DALLAS,24 inch bins,HOWDEN WHITE TYPE,TEXAS,jbo,WHITE
1341,DALLAS,24 inch bins,HOWDEN WHITE TYPE,TEXAS,jbo,WHITE
1342,DALLAS,24 inch bins,HOWDEN WHITE TYPE,TEXAS,jbo,WHITE
1343,DALLAS,24 inch bins,HOWDEN WHITE TYPE,TEXAS,jbo,WHITE
1344,DALLAS,24 inch bins,HOWDEN WHITE TYPE,TEXAS,jbo,WHITE
1345,DALLAS,24 inch bins,HOWDEN WHITE TYPE,TEXAS,jbo,WHITE
1346,DALLAS,24 inch bins,HOWDEN WHITE TYPE,TEXAS,jbo,WHITE
1347,DALLAS,36 inch bins,HOWDEN WHITE TYPE,TEXAS,jbo,WHITE
1348,DALLAS,36 inch bins,HOWDEN WHITE TYPE,TEXAS,jbo,WHITE
1349,DALLAS,36 inch bins,HOWDEN WHITE TYPE,TEXAS,jbo,WHITE
1350,DALLAS,36 inch bins,HOWDEN WHITE TYPE,TEXAS,jbo,WHITE
1351,DALLAS,36 inch bins,HOWDEN WHITE TYPE,TEXAS,jbo,WHITE
1352,DALLAS,36 inch bins,HOWDEN WHITE TYPE,TEXAS,jbo,WHITE
1353,DALLAS,36 inch bins,HOWDEN WHITE TYPE,TEXAS,jbo,WHITE
1428,MIAMI,36 inch bins,HOWDEN TYPE,MICHIGAN,jbo,ORANGE
1429,MIAMI,36 inch bins,HOWDEN TYPE,MICHIGAN,lge,ORANGE
1433,SAN FRANCISCO,24 inch bins,HOWDEN TYPE,CALIFORNIA,lge,ORANGE
1434,SAN FRANCISCO,24 inch bins,HOWDEN TYPE,CALIFORNIA,sml,ORANGE
1435,SAN FRANCISCO,24 inch bins,HOWDEN TYPE,CALIFORNIA,lge,ORANGE
1436,SAN FRANCISCO,24 inch bins,HOWDEN TYPE,CALIFORNIA,sml,ORANGE
1437,SAN FRANCISCO,24 inch bins,HOWDEN TYPE,CALIFORNIA,lge,ORANGE
1438,SAN FRANCISCO,24 inch bins,HOWDEN TYPE,CALIFORNIA,med,ORANGE
1439,SAN FRANCISCO,24 inch bins,HOWDEN TYPE,CALIFORNIA,sml,ORANGE
1440,SAN FRANCISCO,24 inch bins,HOWDEN TYPE,CALIFORNIA,lge,ORANGE
1441,SAN FRANCISCO,24 inch bins,HOWDEN TYPE,CALIFORNIA,med,ORANGE
1442,SAN FRANCISCO,24 inch bins,HOWDEN TYPE,CALIFORNIA,sml,ORANGE
1443,SAN FRANCISCO,24 inch bins,HOWDEN TYPE,CALIFORNIA,lge,ORANGE
1444,SAN FRANCISCO,24 inch bins,HOWDEN TYPE,CALIFORNIA,med,ORANGE
1445,SAN FRANCISCO,24 inch bins,HOWDEN TYPE,CALIFORNIA,sml,ORANGE
1446,SAN FRANCISCO,24 inch bins,HOWDEN TYPE,CALIFORNIA,lge,ORANGE
1447,SAN FRANCISCO,24 inch bins,HOWDEN TYPE,CALIFORNIA,med,ORANGE
1448,SAN FRANCISCO,24 inch bins,HOWDEN TYPE,CALIFORNIA,sml,ORANGE
1449,SAN FRANCISCO,24 inch bins,HOWDEN TYPE,CALIFORNIA,lge,ORANGE
1450,SAN FRANCISCO,24 inch bins,HOWDEN TYPE,CALIFORNIA,med,ORANGE
1451,SAN FRANCISCO,24 inch bins,HOWDEN TYPE,CALIFORNIA,lge,ORANGE
1452,SAN FRANCISCO,36 inch bins,HOWDEN TYPE,CALIFORNIA,jbo,ORANGE
1453,SAN FRANCISCO,36 inch bins,HOWDEN TYPE,CALIFORNIA,med,ORANGE
1454,SAN FRANCISCO,36 inch bins,HOWDEN TYPE,CALIFORNIA,sml,ORANGE
1455,SAN FRANCISCO,36 inch bins,HOWDEN TYPE,CALIFORNIA,jbo,ORANGE
1456,SAN FRANCISCO,36 inch bins,HOWDEN TYPE,CALIFORNIA,med,ORANGE
1457,SAN FRANCISCO,36 inch bins,HOWDEN TYPE,CALIFORNIA,sml,ORANGE
1458,SAN FRANCISCO,36 inch bins,HOWDEN TYPE,CALIFORNIA,xlge,ORANGE
1459,SAN FRANCISCO,36 inch bins,HOWDEN TYPE,CALIFORNIA,xlge,ORANGE
1460,SAN FRANCISCO,36 inch bins,HOWDEN TYPE,CALIFORNIA,xlge,ORANGE
1461,SAN FRANCISCO,36 inch bins,HOWDEN TYPE,CALIFORNIA,lge,ORANGE
1462,SAN FRANCISCO,36 inch bins,HOWDEN TYPE,CALIFORNIA,med,ORANGE
1463,SAN FRANCISCO,36 inch bins,HOWDEN TYPE,CALIFORNIA,sml,ORANGE
1464,SAN FRANCISCO,36 inch bins,HOWDEN TYPE,CALIFORNIA,lge,ORANGE
1465,SAN FRANCISCO,36 inch bins,HOWDEN TYPE,CALIFORNIA,med,ORANGE
1466,SAN FRANCISCO,36 inch bins,HOWDEN TYPE,CALIFORNIA,med,ORANGE
1597,PHILADELPHIA,24 inch bins,HOWDEN TYPE,PENNSYLVANIA,lge,ORANGE
1598,PHILADELPHIA,36 inch bins,HOWDEN TYPE,NEW YORK,med-lge,ORANGE
1599,PHILADELPHIA,36 inch bins,HOWDEN TYPE,NEW YORK,med,ORANGE
1600,PHILADELPHIA,36 inch bins,HOWDEN TYPE,PENNSYLVANIA,lge,ORANGE
1601,PHILADELPHIA,36 inch bins,HOWDEN TYPE,NEW JERSEY,med-lge,ORANGE
1602,PHILADELPHIA,36 inch bins,HOWDEN TYPE,PENNSYLVANIA,med-lge,ORANGE
1603,PHILADELPHIA,36 inch bins,HOWDEN TYPE,PENNSYLVANIA,med,ORANGE
1604,PHILADELPHIA,36 inch bins,HOWDEN TYPE,NEW JERSEY,med,ORANGE
1605,PHILADELPHIA,36 inch bins,HOWDEN TYPE,NEW JERSEY,sml,ORANGE
1606,PHILADELPHIA,36 inch bins,HOWDEN TYPE,PENNSYLVANIA,lge,ORANGE
1607,PHILADELPHIA,36 inch bins,HOWDEN TYPE,PENNSYLVANIA,med,ORANGE
1608,PHILADELPHIA,36 inch bins,HOWDEN TYPE,NEW JERSEY,med-lge,ORANGE
1609,PHILADELPHIA,36 inch bins,HOWDEN TYPE,PENNSYLVANIA,lge,ORANGE
1610,PHILADELPHIA,36 inch bins,HOWDEN TYPE,PENNSYLVANIA,med-lge,ORANGE
1611,PHILADELPHIA,36 inch bins,HOWDEN TYPE,PENNSYLVANIA,med,ORANGE
1612,PHILADELPHIA,36 inch bins,HOWDEN TYPE,NEW JERSEY,med-lge,ORANGE
1613,PHILADELPHIA,36 inch bins,HOWDEN TYPE,PENNSYLVANIA,lge,ORANGE
1614,PHILADELPHIA,36 inch bins,HOWDEN TYPE,PENNSYLVANIA,med-lge,ORANGE
1615,PHILADELPHIA,36 inch bins,HOWDEN TYPE,PENNSYLVANIA,med,ORANGE
1616,PHILADELPHIA,36 inch bins,HOWDEN TYPE,PENNSYLVANIA,lge,ORANGE
1617,PHILADELPHIA,36 inch bins,HOWDEN TYPE,PENNSYLVANIA,med,ORANGE
1618,PHILADELPHIA,36 inch bins,HOWDEN TYPE,DELAWARE,lge,ORANGE
1619,PHILADELPHIA,36 inch bins,HOWDEN TYPE,DELAWARE,med,ORANGE
1620,PHILADELPHIA,36 inch bins,HOWDEN TYPE,NEW YORK,lge,ORANGE
1621,PHILADELPHIA,36 inch bins,HOWDEN TYPE,PENNSYLVANIA,xlge,ORANGE
1622,PHILADELPHIA,36 inch bins,HOWDEN TYPE,PENNSYLVANIA,lge,ORANGE
1623,PHILADELPHIA,36 inch bins,HOWDEN TYPE,DELAWARE,lge,ORANGE
1624,PHILADELPHIA,36 inch bins,HOWDEN TYPE,DELAWARE,med,ORANGE
1654,ST. LOUIS,24 inch bins,HOWDEN TYPE,ILLINOIS,xlge,ORANGE
1655,ST. LOUIS,24 inch bins,HOWDEN TYPE,ILLINOIS,lge,ORANGE
1656,ST. LOUIS,24 inch bins,HOWDEN TYPE,ILLINOIS,xlge,ORANGE
1657,ST. LOUIS,24 inch bins,HOWDEN TYPE,ILLINOIS,lge,ORANGE
1658,ST. LOUIS,24 inch bins,HOWDEN TYPE,ILLINOIS,xlge,ORANGE
1659,ST. LOUIS,24 inch bins,HOWDEN TYPE,ILLINOIS,lge,ORANGE
1660,ST. LOUIS,24 inch bins,HOWDEN TYPE,ILLINOIS,xlge,ORANGE
1661,ST. LOUIS,24 inch bins,HOWDEN TYPE,ILLINOIS,lge,ORANGE
1662,ST. LOUIS,24 inch bins,HOWDEN TYPE,ILLINOIS,xlge,ORANGE
1663,ST. LOUIS,24 inch bins,HOWDEN TYPE,ILLINOIS,lge,ORANGE
1664,ST. LOUIS,36 inch bins,HOWDEN TYPE,ILLINOIS,xlge,ORANGE
1665,ST. LOUIS,36 inch bins,HOWDEN TYPE,ILLINOIS,lge,ORANGE
1666,ST. LOUIS,36 inch bins,HOWDEN TYPE,ILLINOIS,med,ORANGE
1667,ST. LOUIS,36 inch bins,HOWDEN TYPE,MICHIGAN,xlge,ORANGE
1668,ST. LOUIS,36 inch bins,HOWDEN TYPE,MICHIGAN,lge,ORANGE
1669,ST. LOUIS,36 inch bins,HOWDEN TYPE,MICHIGAN,med,ORANGE
1670,ST. LOUIS,36 inch bins,HOWDEN TYPE,ILLINOIS,xlge,ORANGE
1671,ST. LOUIS,36 inch bins,HOWDEN TYPE,ILLINOIS,lge,ORANGE
1672,ST. LOUIS,36 inch bins,HOWDEN TYPE,ILLINOIS,med,ORANGE
1673,ST. LOUIS,36 inch bins,HOWDEN TYPE,MICHIGAN,xlge,ORANGE
1674,ST. LOUIS,36 inch bins,HOWDEN TYPE,MICHIGAN,lge,ORANGE
1675,ST. LOUIS,36 inch bins,HOWDEN TYPE,MICHIGAN,med,ORANGE
1676,ST. LOUIS,36 inch bins,HOWDEN TYPE,ILLINOIS,xlge,ORANGE
1677,ST. LOUIS,36 inch bins,HOWDEN TYPE,ILLINOIS,lge,ORANGE
1678,ST. LOUIS,36 inch bins,HOWDEN TYPE,ILLINOIS,med,ORANGE
1679,ST. LOUIS,36 inch bins,HOWDEN TYPE,MICHIGAN,xlge,ORANGE
1680,ST. LOUIS,36 inch bins,HOWDEN TYPE,MICHIGAN,lge,ORANGE
1681,ST. LOUIS,36 inch bins,HOWDEN TYPE,MICHIGAN,med,ORANGE
1682,ST. LOUIS,36 inch bins,HOWDEN TYPE,ILLINOIS,xlge,ORANGE
1683,ST. LOUIS,36 inch bins,HOWDEN TYPE,ILLINOIS,lge,ORANGE
1684,ST. LOUIS,36 inch bins,HOWDEN TYPE,ILLINOIS,med,ORANGE
1685,ST. LOUIS,36 inch bins,HOWDEN TYPE,MICHIGAN,xlge,ORANGE
1686,ST. LOUIS,36 inch bins,HOWDEN TYPE,MICHIGAN,lge,ORANGE
1687,ST. LOUIS,36 inch bins,HOWDEN TYPE,MICHIGAN,med,ORANGE
1688,ST. LOUIS,36 inch bins,HOWDEN TYPE,ILLINOIS,xlge,ORANGE
1689,ST. LOUIS,36 inch bins,HOWDEN TYPE,ILLINOIS,lge,ORANGE
1690,ST. LOUIS,36 inch bins,HOWDEN TYPE,ILLINOIS,med,ORANGE
1691,ST. LOUIS,36 inch bins,HOWDEN TYPE,MICHIGAN,xlge,ORANGE
1692,ST. LOUIS,36 inch bins,HOWDEN TYPE,MICHIGAN,lge,ORANGE
1693,ST. LOUIS,36 inch bins,HOWDEN TYPE,MICHIGAN,med,ORANGE
1694,ST. LOUIS,24 inch bins,HOWDEN WHITE TYPE,ILLINOIS,xlge,WHITE
1695,ST. LOUIS,24 inch bins,HOWDEN WHITE TYPE,ILLINOIS,xlge,WHITE
1696,ST. LOUIS,24 inch bins,HOWDEN WHITE TYPE,ILLINOIS,xlge,WHITE
1697,ST. LOUIS,24 inch bins,HOWDEN WHITE TYPE,ILLINOIS,xlge,WHITE
1698,ST. LOUIS,24 inch bins,HOWDEN WHITE TYPE,ILLINOIS,xlge,WHITE
